year,month,day,tempHigh,tempAvg,tempLow,DPHigh,DPAvg,DPLow,humidityHigh,humidityAvg,humidityLow,SLPHigh,SLPAvg,SLPLow,visibilityHigh,visibilityAvg,visibilityLow,windAvg,Rainfall,AQI
2014,1,3,26,21,15,15,14,12,83,64,42,1017,1015,1013,4,4,3,10,0.0,182.0
2014,1,4,26,20,15,16,14,12,83,67,46,1016,1013,1011,4,3,2,16,0.0,131.0
2014,1,5,24,19,13,15,14,13,88,71,50,1014,1011,1010,3,2,2,10,0.0,140.0
2014,1,6,24,18,13,15,13,11,94,64,44,1014,1013,1011,4,3,1,8,0.0,99.0
2014,1,7,26,20,14,17,13,11,91,61,29,1017,1014,1013,4,3,1,8,0.0,87.0
2014,1,9,24,19,15,14,12,8,88,63,43,1015,1013,1011,4,3,3,8,0.0,51.0
2014,1,10,23,17,12,14,12,10,96,67,44,1017,1014,1012,16,4,0,6,0.0,179.0
2014,1,12,24,18,13,17,14,13,94,70,42,1019,1016,1015,23,5,2,3,0.0,281.0
2014,2,3,26,22,18,17,16,13,88,66,40,1012,1009,1007,4,4,2,8,0.0,93.0
2014,2,4,26,21,15,18,14,10,88,65,32,1011,1009,1007,4,4,2,10,0.0,66.0
2014,2,5,27,22,17,18,14,10,88,63,33,1011,1009,1007,4,3,1,6,0.0,125.0
2014,2,6,29,23,17,17,15,13,94,59,28,1012,1009,1007,4,3,0,3,0.0,129.0
2014,2,7,28,23,18,17,14,9,94,55,21,1011,1009,1008,4,4,3,5,0.0,79.0
2014,2,9,27,22,17,22,19,17,94,79,52,1009,1008,1007,4,4,3,8,0.0,83.0
2014,2,10,28,25,22,21,20,19,94,78,61,1011,1009,1007,4,4,1,6,0.0,141.0
2014,2,11,28,24,21,22,22,20,95,82,63,1011,1008,1006,4,3,2,5,0.0,141.0
2014,2,12,27,24,22,22,18,13,95,71,48,1011,1009,1007,4,2,1,6,0.0,301.0
2014,2,17,21,18,15,19,18,16,100,89,83,1015,1013,1012,4,3,2,5,0.0,125.0
2014,2,18,23,19,16,17,11,4,94,58,18,1018,1016,1013,6,4,0,13,0.0,122.0
2014,2,19,24,19,15,18,13,10,83,63,33,1015,1013,1011,4,4,3,8,0.0,142.0
2014,2,20,28,22,15,18,14,5,94,56,13,1015,1013,1011,5,4,2,5,0.0,253.0
2014,2,21,28,22,16,17,15,11,94,64,26,1016,1014,1012,4,3,1,5,0.0,321.0
2014,2,22,28,22,16,18,13,5,94,56,14,1017,1015,1013,4,4,2,8,0.0,282.0
2014,2,23,29,22,16,21,16,12,88,61,35,1017,1015,1012,4,3,2,10,0.0,276.0
2014,2,24,30,24,18,17,16,12,88,53,26,1017,1015,1013,5,4,2,13,0.0,130.0
2014,2,25,30,25,20,17,14,11,83,48,26,1016,1014,1012,6,4,3,19,0.0,141.0
2014,2,26,29,26,21,17,14,7,73,47,25,1016,1013,1010,4,4,3,19,0.0,174.0
2014,2,27,30,23,17,17,15,13,88,52,27,1016,1013,1011,4,4,2,8,0.0,260.0
2014,2,28,29,23,17,17,16,13,68,52,37,1016,1014,1012,4,4,3,14,0.0,223.0
2014,3,3,30,24,19,17,15,12,73,44,25,1014,1013,1011,4,4,2,16,0.0,111.0
2014,3,4,28,23,19,18,16,14,78,56,35,1015,1013,1011,4,4,3,13,0.0,176.0
2014,3,5,30,24,18,18,15,10,78,53,27,1015,1013,1011,5,4,3,13,0.0,107.0
2014,3,6,30,23,17,16,12,7,83,42,15,1015,1013,1011,6,5,3,14,0.0,84.0
2014,3,7,30,25,20,16,13,8,73,46,17,1016,1014,1012,6,5,3,11,0.0,105.0
2014,3,9,31,24,17,20,12,8,65,39,17,1016,1013,1011,6,5,3,13,0.0,79.0
2014,3,10,30,23,17,17,14,10,83,50,22,1015,1013,1011,5,4,3,6,0.0,141.0
2014,3,11,31,24,18,21,15,9,83,52,18,1016,1014,1012,6,4,2,8,0.0,145.0
2014,3,12,30,24,19,21,17,13,88,55,32,1015,1013,1011,4,4,3,5,0.0,259.0
2014,3,13,30,24,19,22,19,15,96,62,32,1014,1012,1010,4,3,2,5,0.0,338.0
2014,3,14,33,27,21,21,17,12,91,52,19,1014,1012,1010,27,5,2,14,0.0,279.0
2014,3,15,33,28,22,21,17,15,91,55,30,1015,1013,1011,6,5,3,10,0.0,284.0
2014,3,16,31,24,18,18,16,11,78,51,27,1016,1014,1011,5,5,3,8,0.0,288.0
2014,3,17,32,25,18,21,18,15,85,56,26,1015,1012,1010,5,4,2,5,0.0,353.0
2014,3,18,31,25,19,25,22,18,96,77,58,1015,1012,1009,5,4,3,5,0.0,261.0
2014,3,19,30,27,23,24,21,17,90,73,52,1013,1011,1009,5,5,3,6,0.0,188.0
2014,3,20,30,25,20,24,22,20,94,74,54,1013,1010,1003,5,5,3,6,1.02,170.0
2014,3,21,30,27,23,25,23,22,97,82,61,1011,1008,1006,5,4,3,5,0.0,191.0
2014,3,22,30,27,23,25,24,22,97,85,70,1011,1008,1006,5,4,3,6,0.0,177.0
2014,3,23,30,24,19,22,19,17,89,69,42,1013,1011,1008,6,5,4,14,0.0,142.0
2014,3,24,30,27,22,26,22,21,100,74,52,1014,1011,1009,6,5,3,6,7.87,169.0
2014,3,25,29,26,21,24,22,19,95,74,50,1014,1011,1008,7,6,3,11,1.02,143.0
2014,3,26,30,27,23,24,23,21,94,78,58,1013,1010,1008,5,5,3,5,0.0,154.0
2014,3,27,31,27,23,26,24,23,94,83,65,1011,1009,1007,5,5,3,3,0.0,192.0
2014,3,28,30,27,24,27,25,24,94,85,68,1011,1009,1006,5,4,3,6,0.0,107.0
2014,3,29,30,27,24,26,25,24,94,83,68,1010,1007,1005,5,5,3,5,0.0,189.0
2014,3,30,31,28,24,26,25,24,96,85,68,1009,1006,1005,5,4,3,8,0.0,158.0
2014,4,3,31,28,26,26,25,24,94,80,68,1010,1008,1006,5,5,3,6,0.0,140.0
2014,4,4,30,26,22,25,19,15,96,64,35,1014,1008,1006,6,5,3,8,10.92,185.0
2014,4,5,31,27,22,26,24,21,89,78,62,1011,1009,1006,5,5,3,6,0.0,133.0
2014,4,6,30,28,25,26,24,20,89,81,63,1012,1010,1007,6,5,3,8,7.11,103.0
2014,4,7,30,26,22,27,25,24,94,82,60,1012,1009,1007,5,5,4,13,0.0,91.0
2014,4,9,31,28,25,27,26,25,96,83,71,1011,1009,1007,6,5,3,13,2.03,68.0
2014,4,10,32,29,26,27,25,24,94,76,56,1011,1009,1007,7,6,3,5,0.0,117.0
2014,4,11,32,29,26,27,26,24,94,82,68,1011,1009,1007,6,5,3,5,0.0,172.0
2014,4,12,33,29,24,26,23,19,100,71,36,1011,1009,1006,6,5,0,10,0.0,240.0
2014,4,13,35,30,26,27,23,19,96,65,33,1012,1009,1007,6,5,0,6,0.0,186.0
2014,4,14,35,30,25,26,23,19,96,64,39,1013,1009,1006,6,5,2,10,0.0,181.0
2014,4,15,35,29,23,27,23,19,90,64,36,1011,1008,1006,5,5,2,10,0.0,256.0
2014,4,16,33,29,25,28,26,16,100,76,37,1010,1007,1004,5,4,0,6,0.0,292.0
2014,4,17,32,28,25,27,26,23,96,81,61,1009,1007,1005,5,5,3,6,0.0,170.0
2014,4,18,32,28,25,26,26,25,96,80,60,1011,1009,1007,5,4,0,6,0.0,183.0
2014,4,19,33,30,26,27,26,23,94,74,58,1010,1007,1005,5,5,2,6,0.0,204.0
2014,4,20,36,31,26,26,24,21,94,63,44,1008,1006,1003,5,5,3,6,0.0,307.0
2014,4,21,39,32,26,24,21,18,84,45,4,1010,1007,1005,5,5,3,8,0.0,263.0
2014,4,22,39,32,25,24,18,14,73,42,17,1012,1008,1006,5,5,3,11,0.0,197.0
2014,4,23,37,31,24,29,23,19,89,58,28,1010,1007,1005,6,6,3,6,0.0,286.0
2014,4,24,34,30,25,28,27,25,96,76,60,1008,1006,1003,5,5,3,6,0.0,145.0
2014,4,25,33,30,27,27,27,26,94,78,65,1010,1007,1004,5,5,0,8,0.0,107.0
2014,4,26,33,30,27,27,26,25,89,74,63,1009,1007,1005,5,5,4,8,0.0,145.0
2014,4,27,33,30,27,27,26,24,94,74,56,1010,1008,1005,6,5,5,10,0.0,120.0
2014,4,28,33,28,23,27,24,20,90,67,47,1010,1008,1005,6,6,5,10,2.03,133.0
2014,4,29,33,30,27,27,27,26,94,77,63,1010,1007,1004,6,6,5,13,0.0,115.0
2014,4,30,34,28,22,27,24,20,93,69,44,1010,1008,1005,7,6,3,14,13.97,89.0
2014,5,3,32,28,24,26,24,18,88,69,48,1009,1008,1007,5,5,5,10,10.92,158.0
2014,5,4,32,28,23,24,22,21,90,69,49,1009,1007,1006,8,6,5,8,0.0,107.0
2014,5,5,31,28,25,25,23,21,89,72,56,1010,1008,1007,7,6,3,6,0.25,41.0
2014,5,6,32,29,26,27,25,23,89,76,53,1011,1009,1006,7,5,3,5,0.0,110.0
2014,5,7,33,30,27,26,26,22,89,75,58,1011,1008,1005,7,5,3,10,0.0,77.0
2014,5,9,32,29,27,27,27,25,89,80,68,1006,1004,1002,6,5,4,23,0.51,52.0
2014,5,10,32,30,28,27,27,26,89,79,68,1006,1005,1003,6,5,5,23,0.0,147.0
2014,5,11,30,27,24,27,26,24,100,90,80,1008,1006,1005,5,4,0,14,0.0,125.0
2014,5,12,32,28,23,27,26,24,100,82,68,1008,1006,1004,7,6,0,14,0.0,190.0
2014,5,13,32,30,28,27,27,25,84,79,70,1009,1006,1004,6,6,5,10,0.0,102.0
2014,5,14,32,30,28,28,27,26,90,80,68,1007,1005,1002,6,5,5,13,0.0,132.0
2014,5,15,33,30,27,28,27,24,89,81,68,1005,1003,1001,5,5,3,14,2.03,139.0
2014,5,16,33,29,26,28,27,24,94,81,70,1006,1004,1003,6,6,5,10,2.03,65.0
2014,5,17,33,30,27,27,27,26,89,76,63,1009,1006,1005,6,5,5,10,0.0,144.0
2014,5,18,51,39,27,27,27,25,94,74,20,1008,1006,1004,5,5,3,8,0.0,174.0
2014,5,19,33,31,28,27,27,26,94,76,63,1008,1006,1004,6,5,5,10,0.0,170.0
2014,5,20,33,30,28,27,26,25,94,73,58,1008,1005,1003,6,5,3,10,0.0,140.0
2014,5,21,33,30,27,28,26,25,89,76,65,1006,1003,1001,6,5,5,10,0.0,116.0
2014,5,22,33,31,28,27,26,24,89,72,53,1004,1002,1000,6,6,6,11,0.0,79.0
2014,5,23,33,31,28,27,26,23,84,71,56,1006,1003,1001,6,6,6,10,0.0,65.0
2014,5,24,33,29,26,27,26,25,94,80,65,1009,1006,1004,6,6,5,11,0.0,81.0
2014,5,25,33,29,26,26,26,24,95,75,63,1009,1007,1005,6,6,5,13,1.02,81.0
2014,5,26,33,29,26,27,26,24,89,75,58,1010,1008,1006,6,6,5,11,1.02,77.0
2014,5,27,33,30,27,27,26,25,90,74,53,1009,1007,1005,6,6,6,11,0.0,78.0
2014,5,28,32,29,26,27,26,24,89,77,66,1008,1006,1004,7,6,3,13,1.02,96.0
2014,5,30,33,30,27,26,25,24,89,75,66,1005,1004,1003,6,6,6,11,0.0,79.0
2014,5,31,32,29,27,27,26,25,89,75,66,1004,1003,1001,6,6,6,11,0.0,128.0
2014,6,3,30,28,27,28,26,25,90,82,68,1006,1004,1002,6,5,3,11,12.95,321.0
2014,6,4,31,28,25,27,26,25,96,85,75,1005,1003,1001,6,5,3,8,102.11,157.0
2014,6,5,32,29,25,27,26,25,94,79,60,1004,1002,1000,6,5,4,10,4.06,140.0
2014,6,6,32,29,26,27,26,25,95,78,68,1003,1001,999,6,6,6,8,0.0,93.0
2014,6,7,33,29,26,27,26,25,89,74,58,1002,1000,998,7,6,5,11,0.0,99.0
2014,6,9,33,30,28,27,26,25,89,76,66,1000,999,998,7,6,6,13,0.0,48.0
2014,6,10,33,30,28,27,27,25,89,77,66,1001,1000,998,6,6,6,11,0.0,97.0
2014,6,11,33,30,28,28,26,24,89,80,65,1001,999,996,6,6,6,10,0.0,146.0
2014,6,12,33,29,26,28,27,25,89,77,70,1000,998,995,6,6,6,10,0.0,276.0
2014,6,13,33,31,28,28,26,25,94,85,75,1000,997,995,6,5,2,8,58.93,155.0
2014,6,14,33,29,24,28,26,25,89,77,63,1000,998,997,6,6,5,6,14.99,111.0
2014,6,15,31,28,25,27,26,24,94,83,71,1001,999,996,6,5,3,10,0.0,90.0
2014,6,16,29,27,24,27,26,24,94,88,80,1001,999,997,6,5,3,5,0.25,88.0
2014,6,18,31,28,24,26,26,25,94,84,68,999,998,995,6,5,3,10,12.95,62.0
2014,6,19,28,27,26,26,26,25,95,91,84,998,996,995,5,4,3,13,21.08,65.0
2014,6,20,28,27,25,26,26,25,100,93,84,999,997,996,5,4,1,16,0.76,56.0
2014,6,21,28,27,25,27,26,25,100,94,88,1001,999,996,4,3,2,19,21.08,61.0
2014,6,22,27,26,24,26,24,24,100,96,85,1003,1002,1001,3,2,0,10,54.1,59.0
2014,6,23,28,25,23,26,24,22,100,94,88,1002,1001,1000,5,3,2,8,104.9,97.0
2014,6,24,29,26,23,26,25,23,100,87,74,1000,999,997,6,5,5,3,0.76,121.0
2014,6,25,32,28,24,28,26,24,100,87,68,1003,1000,998,6,5,1,11,0.0,103.0
2014,6,26,28,27,25,26,25,24,94,87,71,1004,1002,1000,6,5,3,5,3.05,116.0
2014,6,27,31,28,25,27,26,25,89,83,68,1007,1005,1004,6,5,4,11,3.05,108.0
2014,6,28,32,28,25,27,26,25,94,82,68,1006,1004,1001,6,6,5,11,0.51,109.0
2014,6,29,28,27,25,27,26,25,100,95,89,1004,1002,1000,5,4,2,18,38.1,117.0
2014,6,30,32,28,24,26,26,24,95,77,58,1002,1000,998,6,6,5,13,1.02,101.0
2014,7,3,29,26,23,26,26,25,95,90,77,1001,999,998,5,5,3,14,5.08,316.0
2014,7,4,27,26,25,26,26,25,95,91,84,1002,1000,998,5,5,5,13,1.02,146.0
2014,7,5,30,28,25,28,26,24,94,85,74,1005,1003,1002,5,5,5,10,0.0,61.0
2014,7,6,32,29,26,28,27,25,95,84,70,1006,1005,1003,6,6,5,6,0.0,61.0
2014,7,7,31,29,26,27,27,26,90,82,71,1006,1003,1001,6,6,5,6,1.02,106.0
2014,7,9,31,29,27,27,27,26,94,82,71,1002,1000,998,6,6,5,10,0.0,22.0
2014,7,10,32,29,27,27,26,25,94,75,60,1001,999,997,6,6,4,8,0.0,66.0
2014,7,11,33,29,26,28,26,25,95,80,62,1001,999,997,6,6,3,5,8.89,57.0
2014,7,12,34,30,26,27,26,26,90,76,58,1000,998,996,6,6,5,6,0.0,211.0
2014,7,13,32,30,27,27,26,24,89,77,63,1001,1000,998,6,5,4,10,3.05,33.0
2014,7,14,33,30,27,27,26,25,89,76,65,1002,1000,998,6,6,5,11,3.05,48.0
2014,7,15,32,29,27,27,25,24,90,79,65,1002,1000,999,5,5,5,14,4.06,38.0
2014,7,16,29,28,27,27,26,25,95,87,71,1003,1002,1001,6,5,3,16,23.11,45.0
2014,7,17,29,27,25,26,26,25,96,87,77,1003,1001,999,6,5,3,13,1.02,43.0
2014,7,18,31,28,26,27,26,25,94,82,70,1002,999,997,6,5,5,16,1.02,48.0
2014,7,19,31,28,26,29,26,25,94,83,71,999,997,995,6,6,5,11,0.51,43.0
2014,7,20,31,28,25,26,26,25,94,86,71,998,996,995,6,5,3,16,11.94,51.0
2014,7,21,27,26,25,26,25,24,99,93,78,1001,999,997,6,4,3,16,18.03,52.0
2014,7,22,30,27,23,26,26,24,95,90,84,1002,1001,1000,5,5,3,11,0.0,79.0
2014,7,23,31,28,25,28,26,24,96,85,71,1003,1001,1000,6,5,3,8,11.94,80.0
2014,7,24,31,28,26,26,26,25,94,84,71,1003,1001,999,6,6,5,8,4.06,75.0
2014,7,25,32,29,26,27,26,24,94,79,65,1003,1001,999,6,6,4,8,0.0,62.0
2014,8,4,27,26,25,26,26,25,100,92,84,1000,998,997,6,4,2,13,36.07,105.0
2014,8,5,29,27,25,27,26,25,94,89,84,1003,1001,1000,5,5,3,11,11.94,54.0
2014,8,6,30,28,25,28,26,25,94,88,79,1003,1001,999,6,5,3,8,0.0,55.0
2014,8,7,31,28,26,27,26,25,94,84,71,1002,1000,997,6,6,5,6,0.0,96.0
2014,8,9,32,29,26,27,26,24,94,80,70,1004,1002,1001,6,5,5,16,0.25,35.0
2014,8,10,31,28,26,27,26,24,89,82,65,1005,1004,1003,6,6,5,13,0.25,73.0
2014,8,11,31,28,26,27,26,24,89,81,65,1006,1004,1002,6,6,5,11,1.02,47.0
2014,8,12,30,27,24,28,26,25,100,89,77,1005,1003,1001,5,5,3,10,3.05,290.0
2014,8,21,29,27,24,26,25,24,89,83,66,1006,1004,1003,6,5,3,11,3.05,116.0
2014,8,22,28,27,25,26,25,25,96,86,77,1008,1006,1004,6,5,3,11,8.89,70.0
2014,8,23,29,27,25,26,25,24,96,86,74,1009,1008,1006,6,5,3,10,0.0,49.0
2014,8,24,30,28,25,26,26,24,94,84,74,1009,1007,1005,6,5,3,11,3.05,42.0
2014,8,25,31,29,27,27,26,25,94,81,65,1008,1006,1004,6,6,6,8,0.0,47.0
2014,8,26,31,28,26,27,26,24,94,82,71,1008,1005,1003,6,6,5,6,0.0,52.0
2014,8,27,32,29,27,27,26,25,94,83,65,1005,1003,1000,6,6,5,3,0.0,67.0
2014,8,28,32,29,27,27,26,25,98,80,63,1006,1004,1002,6,6,5,3,0.0,59.0
2014,8,29,33,30,26,26,26,25,89,77,58,1005,1003,1001,7,6,5,8,0.0,55.0
2014,8,30,31,28,26,27,26,23,94,85,66,1006,1004,1001,6,5,3,6,9.91,37.0
2014,8,31,30,28,26,25,24,23,96,81,68,1006,1003,1001,6,6,5,11,0.0,27.0
2014,9,3,31,28,26,27,26,25,94,82,71,1007,1005,1003,7,6,6,8,0.0,165.0
2014,9,4,31,28,25,27,26,24,94,85,70,1005,1003,1001,6,5,3,8,0.51,105.0
2014,9,5,31,29,26,26,26,25,95,80,63,1004,1002,999,6,5,5,11,0.0,44.0
2014,9,6,32,28,25,25,24,24,89,74,56,1004,1002,1000,6,6,5,11,0.0,75.0
2014,9,7,31,28,25,26,24,23,89,74,58,1007,1005,1003,7,6,5,11,0.0,91.0
2014,9,9,31,28,25,27,26,24,94,80,65,1007,1005,1003,6,6,6,8,0.0,55.0
2014,9,10,31,29,26,27,26,24,94,79,68,1007,1006,1003,6,6,5,10,0.0,141.0
2014,9,11,31,29,26,26,26,25,89,79,65,1008,1007,1005,6,6,5,8,0.0,47.0
2014,9,12,31,29,26,26,25,24,94,80,65,1009,1006,1004,8,6,5,6,0.0,314.0
2014,9,13,31,28,24,26,25,25,96,80,68,1007,1005,1002,6,6,5,6,49.02,56.0
2014,9,14,32,29,26,27,26,24,94,81,68,1007,1004,1002,6,6,4,8,16.0,60.0
2014,9,15,31,28,24,27,26,24,100,83,71,1007,1004,1000,6,5,3,6,41.91,55.0
2014,9,16,32,29,25,26,26,24,96,80,65,1005,1001,999,6,6,3,5,0.25,55.0
2014,9,17,32,29,26,27,26,25,95,82,71,1002,1000,998,6,6,4,6,0.0,76.0
2014,9,18,31,29,27,27,26,25,89,84,73,1007,1004,1002,6,6,5,10,0.0,50.0
2014,9,19,30,28,26,26,25,24,94,83,68,1008,1006,1004,27,6,5,16,1.02,34.0
2014,9,20,28,27,26,26,25,24,95,90,84,1007,1005,1004,5,5,2,11,23.11,34.0
2014,9,21,29,28,26,26,26,24,96,89,80,1008,1006,1004,5,4,2,11,6.1,53.0
2014,9,22,30,28,26,26,26,24,95,83,74,1008,1006,1004,6,5,5,13,2.03,42.0
2014,9,23,27,26,24,26,25,24,96,92,81,1007,1006,1004,5,4,2,13,23.11,51.0
2014,9,24,29,27,26,26,26,24,96,88,80,1009,1007,1005,5,5,4,10,0.0,65.0
2014,9,25,30,26,21,26,26,25,96,85,74,1010,1008,1006,6,5,5,10,0.0,55.0
2014,9,26,30,28,25,26,25,24,89,82,68,1011,1009,1007,6,5,5,13,5.08,69.0
2014,9,27,30,28,26,26,24,22,94,81,58,1013,1010,1008,6,5,2,6,5.08,113.0
2014,9,28,32,29,25,26,25,23,96,78,53,1013,1010,1008,5,4,3,0,0.0,148.0
2014,9,29,32,29,26,27,26,22,96,79,51,1011,1009,1006,5,4,3,3,0.0,170.0
2014,9,30,33,29,26,26,26,25,94,77,56,1011,1009,1006,4,3,3,0,0.0,195.0
2014,10,3,31,28,26,27,26,24,94,83,63,1011,1008,1005,5,4,3,3,0.0,205.0
2014,10,4,32,29,25,27,26,24,96,84,66,1010,1008,1006,4,4,3,3,0.0,132.0
2014,10,5,32,29,26,27,26,25,95,81,65,1011,1009,1006,4,4,3,3,0.0,55.0
2014,10,6,32,28,24,27,26,24,94,76,53,1012,1009,1006,7,5,3,3,17.02,67.0
2014,10,7,32,28,24,27,25,22,89,79,68,1011,1008,1005,6,6,5,8,0.0,88.0
2014,10,9,33,30,27,26,25,24,94,77,49,1010,1007,1005,6,5,3,2,0.0,59.0
2014,10,10,32,29,26,26,25,23,92,77,65,1009,1007,1005,5,5,4,3,0.0,124.0
2014,10,11,32,29,26,26,25,24,95,84,63,1009,1007,1005,6,5,3,5,20.07,48.0
2014,10,12,31,28,24,26,25,24,96,81,65,1011,1009,1006,6,5,3,8,0.0,223.0
2014,10,13,31,28,26,26,25,24,94,78,63,1012,1011,1008,6,6,5,5,0.0,37.0
2014,10,14,31,28,26,26,25,25,94,81,63,1014,1012,1010,6,5,5,3,0.0,66.0
2014,10,15,31,28,26,25,25,24,94,79,58,1014,1012,1010,5,5,5,3,39.88,95.0
2014,10,16,31,28,25,27,26,25,96,83,71,1013,1011,1009,5,5,3,3,0.0,102.0
2014,10,17,32,29,26,25,24,20,94,73,59,1013,1010,1008,5,5,5,10,0.0,116.0
2014,10,18,31,27,23,25,23,21,94,73,60,1013,1010,1008,5,5,3,8,0.0,129.0
2014,10,19,29,27,23,24,22,20,89,70,52,1013,1010,1008,5,5,3,5,0.0,164.0
2014,10,20,30,27,23,23,22,19,94,73,44,1013,1011,1009,5,4,3,3,0.0,152.0
2014,10,21,31,27,22,24,22,20,90,73,46,1014,1012,1010,5,5,3,3,0.0,161.0
2014,10,22,32,27,23,25,23,22,94,75,51,1015,1012,1010,5,5,3,3,0.0,159.0
2014,10,23,31,28,24,25,23,22,94,73,49,1014,1011,1009,5,4,2,3,0.0,158.0
2014,10,24,31,28,24,25,23,22,97,74,49,1013,1010,1008,5,4,2,3,0.0,167.0
2014,10,25,31,28,25,25,23,22,100,77,58,1013,1010,1009,4,3,0,3,0.0,155.0
2014,10,26,31,28,24,25,23,21,94,73,49,1014,1012,1011,5,4,2,2,0.0,163.0
2014,10,27,28,26,23,24,22,20,89,75,58,1013,1012,1010,5,5,5,8,0.0,88.0
2014,10,28,25,23,22,23,21,18,94,78,57,1013,1011,1009,5,4,3,11,5.08,78.0
2014,10,29,29,25,21,22,21,20,95,75,54,1013,1010,1008,6,5,3,8,0.0,80.0
2014,10,30,29,27,23,24,22,21,89,76,56,1013,1010,1000,5,5,3,6,0.0,117.0
2014,10,31,30,27,24,23,23,22,83,75,54,1012,1010,1008,5,5,3,5,0.0,120.0
2014,11,3,31,26,22,23,22,20,89,69,51,1013,1010,1008,27,5,3,11,0.0,242.0
2014,11,4,33,28,23,24,23,21,93,70,51,1011,1009,1007,5,4,2,3,0.0,162.0
2014,11,5,33,28,23,23,23,21,93,68,42,1011,1008,1006,5,5,3,5,0.0,76.0
2014,11,6,32,29,25,25,23,21,89,71,51,1009,1007,1005,5,5,5,5,0.0,70.0
2014,11,7,33,30,26,26,24,23,89,74,46,1011,1009,1007,5,5,2,3,0.0,70.0
2014,11,9,33,29,25,25,24,22,94,73,46,1014,1012,1010,5,4,3,3,0.0,66.0
2014,11,10,32,28,25,25,24,23,89,74,58,1013,1011,1009,5,4,3,5,0.0,73.0
2014,11,11,31,28,24,21,19,16,78,57,30,1013,1011,1009,5,4,3,8,0.0,139.0
2014,11,12,31,27,23,20,18,16,78,57,40,1013,1011,1009,5,4,4,3,0.0,208.0
2014,11,13,32,27,22,22,20,17,88,65,43,1014,1013,1011,4,3,2,5,0.0,199.0
2014,11,14,31,26,21,23,21,19,89,68,40,1015,1012,1010,3,3,1,3,0.0,243.0
2014,11,15,29,26,21,21,18,12,88,60,35,1014,1011,1009,4,3,2,6,0.0,217.0
2014,11,16,30,24,19,18,16,9,83,57,27,1014,1012,1009,4,4,3,3,0.0,326.0
2014,11,17,30,24,18,20,16,10,88,59,25,1015,1012,1010,4,4,2,2,0.0,325.0
2014,11,18,30,24,19,20,18,15,88,66,31,1016,1013,1011,5,4,3,3,0.0,229.0
2014,11,19,30,24,19,20,17,14,100,62,28,1016,1013,1010,5,4,0,3,0.0,190.0
2014,11,20,30,24,19,27,18,13,88,66,31,1014,1012,1010,4,3,1,3,0.0,236.0
2014,11,21,29,24,19,20,18,16,88,68,46,1014,1011,1010,4,4,3,2,0.0,193.0
2014,11,22,29,24,19,20,18,17,88,67,38,1013,1011,1009,4,4,3,8,0.0,331.0
2014,11,23,29,24,18,19,16,12,88,57,25,1014,1012,1010,4,3,2,5,0.0,325.0
2014,11,24,29,23,17,18,16,10,88,67,30,1015,1012,1010,3,3,2,3,0.0,280.0
2014,11,25,28,23,17,18,15,13,88,63,31,1014,1011,1008,4,3,2,3,0.0,292.0
2014,11,26,29,23,17,17,14,11,88,58,27,1012,1009,1007,4,3,3,2,0.0,321.0
2014,11,27,28,22,16,18,16,11,88,65,32,1013,1011,1009,4,3,2,3,0.0,332.0
2014,11,28,28,22,17,19,18,16,94,73,42,1014,1011,1009,3,3,2,2,0.0,323.0
2014,11,29,28,22,17,19,17,16,94,71,38,1014,1011,1009,4,3,3,3,0.0,308.0
2014,11,30,28,22,17,19,18,17,89,71,48,1013,1010,1008,4,3,1,3,0.0,276.0
2014,12,3,29,23,17,19,17,12,93,65,31,1013,1011,1008,4,4,3,3,0.0,295.0
2014,12,4,29,23,17,19,16,11,92,63,23,1014,1012,1011,5,4,3,2,0.0,159.0
2014,12,5,30,23,17,18,17,15,88,63,31,1015,1013,1011,5,4,3,3,0.0,76.0
2014,12,6,28,22,17,18,18,17,94,70,42,1014,1012,1010,5,4,3,3,0.0,123.0
2014,12,7,29,23,18,18,16,13,88,64,32,1014,1012,1010,5,4,0,5,0.0,49.0
2014,12,9,26,21,16,18,17,15,94,74,50,1016,1014,1012,4,2,0,3,0.0,52.0
2014,12,10,27,22,16,19,16,13,94,73,34,1016,1013,1011,4,3,0,2,0.0,38.0
2014,12,11,28,22,16,19,16,13,97,73,38,1016,1014,1012,4,2,0,5,0.0,195.0
2014,12,12,26,21,17,18,17,16,88,76,57,1017,1015,1013,4,3,1,10,0.0,189.0
2014,12,13,28,22,16,19,18,16,94,77,46,1017,1015,1013,4,3,0,6,0.0,194.0
2014,12,14,31,23,16,19,18,15,94,71,32,1017,1014,1012,5,4,2,5,0.0,186.0
2014,12,15,29,23,16,20,18,16,98,70,40,1016,1013,1011,5,4,2,5,0.0,198.5
2014,12,16,31,24,18,20,18,17,96,70,44,1016,1014,1011,4,3,0,5,0.0,139.0
2014,12,17,27,23,19,17,16,14,83,63,46,1016,1014,1012,4,3,0,14,0.0,141.0
2014,12,18,25,20,15,17,14,11,88,65,32,1019,1016,1014,4,3,3,16,0.0,150.0
2014,12,19,28,22,15,19,16,14,100,72,31,1020,1016,1014,4,3,0,6,0.0,116.0
2014,12,20,29,22,16,18,14,7,94,63,19,1016,1014,1012,4,3,2,5,0.0,138.0
2014,12,21,28,22,16,17,14,11,88,59,32,1015,1013,1010,5,4,3,2,0.0,141.5
2014,12,22,29,22,16,18,16,13,94,59,30,1016,1013,1011,5,4,2,8,0.0,142.0
2014,12,23,28,22,16,17,15,12,88,60,32,1015,1013,1011,4,3,3,6,0.0,147.5
2014,12,24,29,22,16,19,17,12,94,70,37,1016,1014,1012,4,3,2,5,0.0,153.5
2014,12,25,29,22,16,18,17,15,90,64,37,1016,1013,1011,4,4,2,6,0.0,134.5
2014,12,26,28,22,16,18,16,12,94,66,28,1015,1012,1010,4,3,2,6,0.0,178.5
2014,12,27,22,19,15,17,16,14,94,80,59,1015,1014,1011,3,2,0,10,0.0,226.0
2014,12,28,23,18,14,17,16,14,100,82,64,1017,1014,1011,3,1,0,6,0.0,182.5
2014,12,29,27,21,15,16,15,12,87,61,38,1016,1013,1010,4,3,3,6,0.0,192.5
2014,12,30,26,21,17,17,14,11,78,62,40,1014,1012,1010,3,3,2,8,0.0,213.0
2014,12,31,23,21,20,19,17,14,88,78,60,1015,1014,1013,3,2,0,2,0.51,235.0
2015,1,1,26,22,19,20,19,18,92,82,64,1015,1014,1013,3,3,2,5,0.76,145.0
2015,1,2,30,25,20,21,19,16,91,73,37,1017,1014,1002,5,4,2,5,0.25,193.0
2015,1,3,30,25,20,20,19,17,84,63,35,1016,1013,1011,4,4,3,3,0.0,170.0
2015,1,4,29,24,20,23,21,19,97,73,54,1014,1012,1010,5,4,3,3,0.0,115.0
2015,1,5,26,23,20,21,18,16,95,69,54,1014,1012,1010,4,4,3,14,0.0,91.0
2015,1,6,26,21,16,15,13,11,82,54,32,1015,1012,1010,5,4,3,16,0.0,66.0
2015,1,7,25,20,14,15,12,8,77,59,27,1015,1013,1011,4,3,2,11,0.0,50.0
2015,1,9,24,20,16,15,14,13,94,70,48,1015,1013,1012,3,3,1,3,0.0,46.0
2015,1,10,26,19,13,17,14,8,94,63,25,1016,1014,1011,4,3,1,8,0.0,101.0
2015,1,11,24,19,13,16,14,12,94,68,48,1017,1015,1012,4,3,0,10,0.0,54.0
2015,1,12,24,18,13,18,16,14,94,77,62,1017,1014,1012,3,2,0,10,0.0,233.0
2015,1,13,28,21,14,18,16,13,94,68,38,1016,1013,1011,4,3,1,5,0.0,158.0
2015,1,14,28,23,18,18,14,11,78,57,31,1016,1014,1012,4,4,2,5,0.0,212.0
2015,1,15,30,23,17,21,16,12,88,62,28,1016,1014,1012,4,4,3,8,0.0,211.0
2015,1,16,24,21,18,19,18,17,92,78,62,1016,1014,1012,5,4,0,3,0.51,157.0
2015,1,17,27,22,18,18,17,16,88,69,48,1015,1012,1010,4,3,2,8,0.0,178.0
2015,1,18,24,20,16,17,16,15,89,70,50,1016,1014,1012,3,3,2,13,0.0,152.0
2015,1,19,21,18,14,16,14,14,94,81,60,1017,1016,1013,3,2,0,8,0.0,241.0
2015,1,20,23,18,14,17,15,14,94,79,60,1019,1017,1015,3,2,1,10,0.0,205.0
2015,1,21,25,19,14,18,17,15,100,79,54,1021,1018,1017,4,2,0,6,0.0,229.0
2015,1,22,25,20,14,18,16,14,94,77,42,1020,1017,1016,4,2,0,3,0.0,350.0
2015,1,23,26,19,13,18,15,12,94,71,33,1017,1015,1012,3,2,1,3,0.0,330.0
2015,1,24,28,21,15,17,14,11,100,63,29,1017,1015,1013,4,3,0,8,0.0,339.0
2015,1,25,28,22,16,15,12,7,66,46,24,1019,1017,1015,6,5,3,14,0.0,194.0
2015,1,26,27,21,14,14,11,4,73,46,24,1018,1016,1013,5,4,3,13,0.0,196.0
2015,1,27,28,21,14,17,13,10,88,55,23,1016,1014,1012,4,3,2,8,0.0,311.0
2015,1,28,29,22,16,17,15,12,88,57,37,1015,1013,1010,3,3,1,8,0.0,292.0
2015,1,29,30,23,16,17,15,12,88,56,27,1015,1013,1011,4,3,1,14,0.0,188.0
2015,1,30,27,22,18,17,14,13,78,58,34,1016,1014,1012,5,4,3,18,0.0,167.0
2015,1,31,26,21,16,16,10,4,87,49,17,1019,1016,1014,5,4,3,16,0.0,226.0
2015,2,1,25,19,13,13,9,1,73,47,12,1018,1016,1013,4,4,3,14,0.0,157.0
2015,2,2,26,19,13,15,11,5,82,54,18,1019,1017,1015,4,3,1,8,0.0,163.0
2015,2,3,29,21,14,18,13,8,88,57,24,1021,1018,1016,4,3,1,6,0.0,189.0
2015,2,4,29,22,15,17,12,4,82,52,21,1019,1016,1014,4,4,2,3,0.0,92.0
2015,2,5,31,24,17,17,13,4,88,49,10,1018,1015,1013,4,3,2,5,0.0,87.0
2015,2,6,30,23,17,17,14,11,78,58,35,1018,1015,1013,4,3,2,3,0.0,64.0
2015,2,7,24,20,16,17,14,13,88,64,44,1017,1014,1012,3,3,2,5,0.0,33.0
2015,2,9,29,22,16,17,14,12,83,57,35,1017,1015,1013,4,3,1,10,0.0,46.0
2015,2,10,29,22,16,16,14,13,83,56,32,1019,1015,1013,4,3,2,8,0.0,103.0
2015,2,11,28,23,18,15,12,9,78,44,23,1016,1014,1011,4,4,3,14,0.0,125.0
2015,2,12,29,22,16,15,12,6,77,50,19,1016,1012,1010,8,4,2,8,0.0,230.0
2015,2,13,27,21,16,19,14,10,88,61,28,1014,1012,1010,4,3,2,3,0.0,266.0
2015,2,14,27,22,16,20,16,8,94,68,21,1014,1012,1009,4,3,1,3,0.0,202.0
2015,2,15,28,22,16,17,14,9,94,53,21,1014,1012,1010,4,3,1,5,0.0,318.0
2015,2,16,27,22,17,19,16,11,94,68,41,1016,1014,1011,4,3,0,3,0.0,295.0
2015,2,17,29,23,18,19,16,12,94,61,26,1014,1012,1009,4,3,1,8,0.0,258.0
2015,2,18,28,23,17,21,18,13,94,71,31,1013,1012,1009,4,3,1,3,0.0,279.0
2015,2,19,28,23,18,20,17,12,96,64,27,1016,1013,1010,4,3,1,10,0.0,192.0
2015,2,20,29,23,18,19,17,14,89,63,32,1015,1013,1011,4,3,2,6,0.0,162.0
2015,2,21,28,23,17,21,18,17,88,69,46,1014,1012,1010,4,3,2,3,0.0,176.0
2015,2,22,32,26,19,20,18,15,96,65,37,1014,1013,1011,4,3,2,3,0.0,249.0
2015,2,23,28,23,18,23,19,15,94,73,45,1015,1013,1011,4,2,1,5,0.0,0.0
2015,2,24,28,23,18,22,19,16,94,74,48,1014,1012,1009,4,4,0,3,0.0,177.0
2015,2,25,29,24,19,23,20,13,89,72,38,1012,1010,1008,4,3,2,5,0.0,167.0
2015,2,26,29,24,18,22,21,19,96,74,54,1012,1010,1008,4,4,3,5,0.0,153.0
2015,2,27,29,24,21,23,21,19,94,78,62,1013,1011,1009,4,4,2,3,0.0,135.0
2015,2,28,29,24,21,25,22,18,94,77,52,1014,1012,1008,4,3,1,5,0.0,167.0
2015,3,1,30,27,23,24,22,21,90,76,61,1013,1012,1010,4,3,0,10,0.0,146.0
2015,3,2,33,27,22,24,23,20,100,81,46,1014,1012,1009,4,2,0,3,0.0,158.0
2015,3,3,31,27,23,24,22,20,94,73,52,1012,1010,1007,4,3,1,5,0.0,196.0
2015,3,4,28,26,23,22,19,17,94,71,54,1012,1011,1010,5,4,3,11,0.0,93.0
2015,3,5,28,24,21,22,20,18,94,75,58,1015,1012,1011,5,5,2,3,0.0,91.0
2015,3,6,29,24,20,15,11,4,73,43,20,1016,1014,1011,7,6,4,11,0.0,71.0
2015,3,7,29,24,19,14,9,4,68,36,20,1014,1012,1010,7,6,4,14,0.0,35.0
2015,3,9,32,26,19,18,15,9,78,48,24,1016,1013,1011,5,5,4,13,0.0,68.0
2015,3,10,34,27,21,16,13,8,73,43,21,1015,1013,1011,5,5,4,14,0.0,80.0
2015,3,11,33,28,24,15,10,4,51,34,16,1016,1014,1012,5,5,4,16,0.0,121.0
2015,3,12,32,26,19,13,8,0,60,33,13,1016,1013,1011,7,6,4,11,0.0,198.0
2015,3,13,32,26,19,20,14,10,83,52,26,1014,1012,1010,5,4,2,5,0.0,197.0
2015,3,14,33,27,21,23,18,15,88,58,34,1016,1013,1011,4,3,1,5,0.0,301.0
2015,3,15,31,27,23,24,22,20,84,69,58,1016,1014,1012,5,4,1,6,0.0,229.0
2015,3,16,35,29,23,18,14,11,73,41,24,1016,1013,1011,6,5,4,13,0.0,166.0
2015,3,17,36,30,24,22,16,10,78,45,15,1014,1010,1008,5,5,4,14,0.0,151.0
2015,3,18,34,28,22,21,19,14,83,54,24,1012,1010,1008,5,4,3,8,0.0,174.0
2015,3,19,34,28,22,20,17,13,83,49,21,1013,1011,1009,5,4,2,10,0.0,157.0
2015,3,20,35,28,22,19,12,5,61,36,9,1014,1012,1010,5,4,3,14,0.0,160.0
2015,3,21,33,27,21,18,14,10,61,42,24,1013,1010,1008,4,4,4,10,0.0,181.0
2015,3,22,35,27,19,21,17,12,65,47,30,1012,1009,1007,5,4,2,11,0.0,204.0
2015,3,23,33,27,21,22,19,16,88,60,36,1012,1008,1006,5,3,2,6,0.0,318.0
2015,3,24,32,27,22,25,22,18,94,71,46,1012,1009,1007,5,3,2,6,0.0,247.0
2015,3,25,31,28,24,25,22,16,96,71,45,1016,1012,1010,4,3,1,6,2.03,172.0
2015,3,26,31,20,10,24,21,15,89,65,47,1016,1014,1012,5,4,3,10,0.0,143.0
2015,3,27,32,27,23,24,23,21,94,74,51,1017,1014,1012,4,3,1,5,0.0,180.0
2015,3,28,31,27,23,24,23,21,94,79,62,1015,1012,1010,4,3,1,3,0.0,91.0
2015,3,29,32,27,23,25,23,21,97,76,56,1014,1011,1009,4,4,2,5,0.0,176.0
2015,3,30,32,28,23,24,23,23,94,72,56,1013,1010,1008,5,4,1,10,0.0,74.0
2015,3,31,29,27,23,25,23,21,94,83,74,1012,1010,1008,5,4,1,10,0.0,123.0
2015,4,1,31,26,21,24,22,20,89,79,63,1012,1009,1004,5,4,3,6,0.0,176.0
2015,4,2,31,27,22,25,24,21,89,75,58,1010,1007,1004,5,5,3,11,0.0,264.0
2015,4,4,31,27,22,27,25,20,89,77,4,1007,1005,1003,6,5,3,10,0.0,317.0
2015,4,5,32,26,20,27,23,18,90,74,56,1009,1007,1005,5,5,3,13,7.87,124.0
2015,4,6,30,26,22,26,23,21,94,82,66,1010,1008,1006,5,4,2,6,38.1,103.0
2015,4,7,32,28,23,25,23,20,94,73,49,1012,1009,1006,6,5,3,5,0.76,65.0
2015,4,9,33,28,23,26,23,21,90,73,47,1012,1009,1007,5,4,3,3,0.0,102.0
2015,4,10,32,29,25,26,25,24,94,78,58,1012,1010,1008,5,5,3,6,0.0,71.0
2015,4,11,34,29,24,26,24,21,94,70,49,1013,1011,1009,6,5,4,6,0.0,20.0
2015,4,12,35,30,26,26,24,23,96,73,47,1014,1012,1009,5,4,1,6,0.0,211.0
2015,4,13,33,30,26,27,26,21,87,72,58,1014,1011,1008,5,4,3,8,0.0,124.0
2015,4,14,34,28,22,27,23,21,89,71,49,1013,1011,1008,5,5,3,3,0.0,149.0
2015,4,15,33,29,26,27,26,24,95,78,63,1013,1010,1007,5,4,1,3,0.0,172.0
2015,4,16,35,31,26,27,22,17,89,59,30,1013,1011,1008,5,4,2,6,0.0,187.0
2015,4,17,32,29,26,31,23,18,100,66,42,1012,1008,1005,5,3,2,2,0.0,197.0
2015,4,18,33,29,25,25,24,20,89,67,49,1010,1007,1004,6,4,3,6,0.0,153.0
2015,4,19,33,27,21,26,24,21,89,73,58,1011,1009,1007,6,5,3,14,5.08,74.0
2015,4,20,33,28,23,26,26,25,92,75,60,1012,1010,1008,6,5,3,6,0.0,77.0
2015,4,21,33,29,26,27,26,25,89,77,65,1010,1008,1005,7,6,3,13,0.0,87.0
2015,4,22,33,29,24,27,24,22,98,73,53,1010,1008,1006,6,5,3,18,0.0,78.0
2015,4,28,31,28,24,25,24,23,89,75,58,1012,1010,1007,6,5,3,3,0.0,110.0
2015,4,29,32,28,24,25,24,22,84,69,58,1010,1008,1006,6,5,5,10,0.0,69.0
2015,4,30,33,29,25,25,23,21,89,68,44,1011,1009,1007,6,5,3,8,4.06,74.0
2015,5,1,31,27,23,28,24,23,92,81,63,1010,1008,1007,6,5,2,6,3.05,102.0
2015,5,2,32,28,24,28,26,24,91,78,60,1010,1008,1007,5,5,3,10,0.0,167.0
2015,5,3,39,32,25,26,26,23,89,72,47,1011,1009,1007,5,5,3,6,0.0,156.0
2015,5,4,33,29,25,28,27,25,89,77,65,1011,1009,1006,5,5,3,8,0.0,79.0
2015,5,5,33,30,27,27,26,25,89,75,51,1010,1007,1005,5,5,3,6,0.0,95.0
2015,5,6,34,30,26,26,25,22,89,67,40,1010,1006,1004,6,5,3,10,0.0,73.0
2015,5,9,33,30,27,27,26,23,89,75,55,1007,1005,1004,6,5,5,6,0.0,105.0
2015,5,10,34,30,26,27,24,14,89,71,40,1008,1006,1003,6,5,5,6,1.02,79.0
2015,5,12,32,28,24,26,24,23,96,84,60,1010,1007,1004,5,4,3,6,0.0,178.0
2015,5,13,35,30,24,26,24,22,94,69,42,1010,1007,1004,27,6,1,6,0.0,63.0
2015,5,14,33,30,27,27,26,25,89,74,53,1010,1008,1006,6,5,3,8,3.05,83.0
2015,5,15,34,31,28,28,27,25,90,74,60,1011,1008,1005,6,5,3,10,0.0,71.0
2015,5,16,35,31,28,27,26,25,89,69,49,1009,1006,1003,6,6,5,10,0.0,72.0
2015,5,17,34,30,27,27,26,25,89,75,60,1007,1005,1003,27,6,3,10,0.0,87.0
2015,5,18,32,29,25,26,24,22,94,72,51,1007,1005,1003,6,5,5,11,2.03,82.0
2015,5,19,33,29,25,26,24,21,89,71,42,1011,1003,1001,7,6,5,11,1.02,68.0
2015,5,20,33,30,26,27,26,25,94,76,58,1005,1002,1000,6,5,3,8,0.0,76.0
2015,5,21,34,31,27,28,26,25,87,69,55,1010,1003,1000,6,6,6,10,0.0,33.0
2015,5,22,34,31,27,29,28,26,94,79,60,1005,1003,1000,6,5,3,11,0.0,82.0
2015,5,23,33,30,28,29,26,24,94,78,62,1004,1003,1001,5,4,0,29,7.87,99.0
2015,5,24,27,25,23,25,22,20,94,78,63,1007,1004,1002,5,5,2,14,0.0,91.0
2015,5,25,33,28,22,26,24,22,79,67,56,1005,1003,1002,6,6,5,10,0.0,90.0
2015,5,26,34,30,26,28,26,22,84,74,58,1007,1005,1003,6,6,6,8,0.0,107.0
2015,5,28,34,31,27,27,26,24,94,72,46,1007,1005,1003,6,6,5,13,0.0,95.0
2015,5,29,34,31,28,28,27,26,87,74,60,1007,1005,1003,6,6,6,14,0.0,84.0
2015,5,30,35,31,27,27,27,23,84,71,58,1008,1006,1004,6,6,4,13,0.0,87.0
2015,5,31,34,31,28,28,27,26,84,75,58,1007,1005,1003,6,6,5,11,0.0,87.0
2015,6,1,34,30,26,27,27,26,94,72,53,1006,1005,1003,6,6,5,13,7.11,109.0
2015,6,2,34,31,27,27,26,25,84,70,53,1008,1006,1004,6,6,6,13,0.0,170.0
2015,6,3,35,31,27,27,26,25,87,66,53,1008,1006,1004,6,6,6,10,0.0,155.0
2015,6,4,35,31,28,28,26,25,97,70,53,1009,1006,1004,6,6,3,8,0.0,99.0
2015,6,5,34,30,26,29,27,24,94,77,58,1008,1006,1003,6,6,3,5,23.88,107.0
2015,6,6,33,29,26,27,26,24,94,83,63,1007,1005,1003,6,5,3,6,4.06,61.0
2015,6,7,31,29,26,26,26,25,88,81,70,1007,1005,1003,6,6,6,10,0.0,74.0
2015,6,9,33,30,27,28,26,25,94,78,65,1005,1004,1002,6,6,6,14,0.25,91.0
2015,6,10,34,31,27,29,27,25,84,75,65,1006,1003,1002,6,6,6,18,0.0,123.0
2015,6,12,32,27,23,26,24,22,90,77,65,1006,1004,1002,6,6,5,8,2.03,234.0
2015,6,13,32,29,25,26,25,23,94,85,70,1006,1004,1002,6,6,5,11,5.08,71.0
2015,6,14,33,29,25,27,26,23,96,74,60,1005,1003,1001,6,6,6,8,0.0,59.0
2015,6,15,33,30,26,26,26,25,95,82,58,1004,1003,1002,6,6,5,13,16.0,28.0
2015,6,16,32,28,25,26,25,24,96,80,58,1004,1003,1000,6,6,5,8,0.25,67.0
2015,6,17,34,29,25,27,26,25,89,75,55,1004,1002,1000,6,6,6,8,0.0,61.0
2015,6,19,35,31,27,27,26,24,89,69,44,1010,1002,999,7,6,5,8,4.06,37.0
2015,6,20,36,30,25,26,24,22,84,70,39,1003,1001,999,7,6,4,11,5.08,49.0
2015,6,21,31,29,27,26,25,24,95,80,66,1009,1002,999,6,5,4,13,1.02,41.0
2015,6,22,29,27,25,26,25,24,95,91,81,1003,1000,997,5,4,2,16,34.04,41.0
2015,6,23,28,27,26,27,26,24,95,91,84,1000,998,997,5,4,3,13,2.03,65.0
2015,6,25,28,26,24,27,26,25,95,93,88,996,995,992,4,4,3,10,17.02,67.0
2015,6,26,27,26,25,26,26,25,95,93,88,997,995,994,4,3,2,3,10.92,60.0
2015,6,28,31,27,23,26,25,22,93,79,60,1008,1006,1000,5,5,3,6,0.0,64.0
2015,6,29,32,29,26,25,24,23,84,74,63,1009,1007,1005,6,6,5,10,0.0,68.0
2015,6,30,32,29,26,25,24,24,89,72,53,1007,1006,1004,6,6,5,13,0.0,64.0
2015,7,1,32,29,26,27,25,24,94,80,63,1007,1005,1003,6,5,4,13,0.0,157.0
2015,7,2,31,28,25,27,25,23,96,86,76,1007,1004,1002,6,5,3,10,7.11,191.0
2015,7,3,33,29,25,27,26,25,96,81,63,1005,1003,1001,6,6,5,10,0.0,137.0
2015,7,4,33,29,26,28,27,25,94,82,68,1003,1001,999,5,5,5,10,3.05,117.0
2015,7,5,33,29,26,28,27,25,94,81,70,1002,999,997,6,5,5,10,0.0,108.0
2015,7,6,33,29,26,27,26,24,95,77,58,1000,998,996,6,5,3,8,2.03,59.0
2015,7,7,34,29,25,27,26,24,91,79,56,1001,998,995,6,5,2,3,2.03,83.0
2015,7,8,29,28,26,26,26,25,89,85,77,1001,999,997,6,5,3,3,3.05,94.0
2015,7,9,27,26,25,26,25,25,100,93,84,1003,1001,1000,5,3,1,11,38.1,63.0
2015,7,10,33,29,25,27,26,25,94,82,60,1004,1002,1001,6,6,3,13,2.03,46.0
2015,7,11,33,30,26,27,26,25,93,77,63,1005,1004,1002,6,6,5,10,0.0,142.0
2015,7,12,33,29,25,28,27,25,89,78,68,1006,1003,1001,6,6,5,8,0.0,228.0
2015,7,13,33,30,27,28,27,26,89,79,62,1004,1001,999,6,6,6,10,0.0,56.0
2015,7,14,33,29,26,28,27,25,89,81,68,1002,1000,997,6,5,5,8,0.76,50.0
2015,7,15,32,29,26,28,27,25,94,87,73,1000,999,997,5,4,3,8,23.11,67.0
2015,7,16,32,28,25,27,26,26,91,80,65,1000,998,996,6,6,5,10,0.0,49.0
2015,7,17,31,29,26,27,26,25,94,88,76,1000,998,996,6,4,2,8,0.51,49.0
2015,7,18,31,28,25,26,26,25,96,90,71,1001,1000,999,5,4,2,16,40.89,53.0
2015,7,19,27,26,25,26,25,24,100,92,84,1002,1000,999,6,5,2,8,19.05,44.0
2015,7,20,32,28,24,27,26,24,96,86,68,1002,1000,998,27,6,3,14,1.02,40.0
2015,7,21,33,29,25,28,27,25,95,85,68,1004,1002,1001,6,6,5,11,1.02,38.0
2015,7,22,31,29,26,27,26,25,95,88,77,1007,1005,1003,6,6,4,8,8.89,39.0
2015,7,23,31,28,25,28,26,24,100,91,79,1008,1006,1005,6,5,3,10,11.94,49.0
2015,7,24,26,26,24,26,26,25,100,99,92,1008,1006,1004,5,3,2,8,28.96,45.0
2015,7,25,26,26,25,26,26,25,100,98,92,1006,1002,999,4,2,1,18,73.91,32.0
2015,7,26,25,24,24,25,24,24,100,98,94,1001,998,997,3,2,2,8,27.94,26.0
2015,7,27,29,27,24,27,25,24,100,91,84,999,997,995,6,4,2,13,11.94,32.0
2015,7,28,30,27,24,26,25,24,96,87,66,1000,997,995,6,5,3,11,13.97,37.0
2015,7,29,28,26,24,25,24,23,94,87,68,996,993,991,5,4,2,16,16.0,37.0
2015,7,30,26,24,24,25,24,23,100,93,83,998,991,987,5,3,1,24,37.08,62.0
2015,8,1,28,26,24,26,24,24,92,89,81,1005,1003,1001,6,5,3,11,0.0,303.0
2015,8,2,32,28,25,26,26,24,89,81,71,1007,1005,1003,6,6,6,8,0.0,331.0
2015,8,3,32,29,26,27,26,24,94,79,68,1007,1005,1003,6,5,5,8,0.0,153.0
2015,8,4,32,29,26,28,27,25,94,81,63,1005,1003,1002,5,5,5,8,0.0,160.0
2015,8,5,32,29,26,27,26,25,95,79,65,1004,1002,999,5,5,5,10,0.0,113.0
2015,8,6,33,29,26,27,27,25,95,78,65,1003,1001,998,6,5,5,10,0.0,56.0
2015,8,7,33,30,27,28,27,26,100,79,58,1004,1002,1000,5,5,3,5,0.0,66.0
2015,8,8,32,29,25,26,26,25,96,81,65,1004,1002,1000,5,5,3,5,3.05,68.0
2015,8,9,32,29,27,27,25,23,94,77,49,1003,1001,999,6,6,5,5,0.51,85.0
2015,8,10,35,31,26,27,25,24,90,72,49,1004,1001,999,6,6,5,6,0.0,43.0
2015,8,11,32,29,26,27,27,25,95,83,70,1007,1004,1002,6,5,5,6,1.02,159.0
2015,8,12,33,30,26,27,26,25,87,75,60,1007,1005,1003,7,5,5,6,2.03,229.0
2015,8,13,33,30,27,28,27,25,90,80,65,1007,1005,1003,14,6,5,8,0.0,92.0
2015,8,14,32,29,26,27,26,25,91,81,63,1007,1005,1003,6,6,5,8,1.02,105.0
2015,8,15,31,29,26,27,26,25,89,82,68,1008,1007,1005,6,6,5,11,0.0,50.0
2015,8,16,31,28,24,26,26,24,95,84,68,1009,1007,1005,6,5,2,13,27.94,74.0
2015,8,17,31,28,25,26,26,25,96,88,68,1009,1007,1005,6,4,2,13,27.94,54.0
2015,8,18,27,26,25,26,26,24,100,94,88,1010,1008,1006,5,4,1,11,30.99,49.0
2015,8,19,30,28,25,28,26,24,100,92,81,1008,1006,1005,4,4,3,16,10.92,41.0
2015,8,20,28,27,25,28,27,25,99,93,87,1006,1005,1003,5,4,3,10,3.05,64.0
2015,8,21,31,28,25,26,25,24,96,78,58,1006,1004,1001,5,5,5,8,0.51,36.0
2015,8,22,33,29,26,27,26,25,91,78,58,1004,1001,999,6,6,5,10,0.0,37.0
2015,8,23,32,29,26,27,26,25,89,79,65,1004,1002,1000,5,5,5,10,0.0,111.0
2015,8,24,33,29,25,26,26,25,89,76,58,1006,1002,1000,6,6,5,8,0.25,24.0
2015,8,25,33,29,25,26,26,25,95,80,58,1003,1002,999,6,5,3,10,0.0,26.0
2015,8,26,34,30,26,27,26,25,94,76,53,1004,1002,1000,6,6,5,6,0.0,62.0
2015,8,27,34,30,26,29,25,24,89,75,53,1006,1004,1002,6,6,5,11,3.05,57.0
2015,8,28,32,29,25,26,25,24,94,78,58,1007,1005,1002,6,5,3,11,7.11,32.0
2015,8,29,31,28,25,27,26,25,94,85,60,1007,1005,1003,5,5,3,13,2.03,30.0
2015,8,30,29,27,25,27,26,25,96,93,84,1007,1005,1004,5,4,2,10,24.89,33.0
2015,8,31,29,27,26,26,26,25,94,91,84,1007,1005,1003,5,4,2,11,21.08,50.0
2015,9,2,31,28,24,26,25,24,96,86,70,1005,1003,1002,27,6,3,18,0.0,242.0
2015,9,3,30,28,26,26,25,24,95,83,66,1009,1007,1004,6,5,3,5,0.0,106.0
2015,9,4,33,29,26,27,25,25,94,78,58,1010,1008,1006,6,5,5,5,0.0,165.0
2015,9,5,33,30,27,27,26,25,89,77,60,1010,1007,1005,6,5,5,5,0.0,83.0
2015,9,6,33,30,27,26,26,25,94,77,63,1009,1007,1004,27,6,5,10,0.0,52.0
2015,9,7,33,29,25,27,26,25,94,79,58,1008,1006,1004,5,5,5,8,0.0,42.0
2015,9,8,33,30,26,28,26,25,94,77,60,1007,1005,1003,6,6,5,5,0.0,83.0
2015,9,9,33,30,27,27,26,25,95,79,62,1006,1005,1002,5,4,3,2,3.05,118.0
2015,9,10,34,30,26,28,26,24,95,76,49,1008,1006,1004,5,5,5,5,0.51,63.0
2015,9,11,34,30,26,28,26,25,89,73,38,1009,1007,1004,6,6,5,5,0.0,168.0
2015,9,12,33,29,24,27,26,25,92,73,53,1008,1006,1004,6,6,3,11,18.03,240.0
2015,9,13,34,30,26,27,26,24,95,79,60,1008,1006,1003,6,5,3,3,7.11,75.0
2015,9,14,34,31,27,27,26,25,95,76,58,1007,1005,1002,6,6,5,8,0.0,65.0
2015,9,15,34,30,26,26,25,24,89,76,53,1007,1005,1003,6,5,4,8,2.03,57.0
2015,9,16,34,30,26,27,26,24,89,72,49,1007,1004,1002,6,6,5,8,0.0,52.0
2015,9,17,34,31,28,28,27,26,94,79,60,1006,1004,1002,6,5,5,2,0.0,64.0
2015,9,18,34,31,27,28,27,26,90,79,60,1006,1004,1001,6,5,3,5,1.02,45.0
2015,9,19,31,28,25,26,25,24,94,86,60,1044,1007,1003,6,5,3,10,1.02,32.0
2015,9,20,32,28,24,26,25,24,96,81,58,1008,1006,1004,5,5,3,14,0.51,36.0
2015,9,21,31,28,26,26,26,25,94,86,71,1008,1006,1004,5,5,2,13,0.51,42.0
2015,9,22,33,29,26,27,26,25,89,76,60,1008,1006,1004,6,6,5,18,0.0,50.0
2015,9,23,31,28,26,27,26,25,94,87,73,1008,1006,1004,6,5,3,10,6.1,44.0
2015,9,24,28,27,26,26,26,24,95,90,84,1007,1005,1003,5,4,3,8,2.03,60.0
2015,9,25,32,29,25,28,26,25,96,83,58,1007,1005,1002,27,6,3,5,3.05,79.0
2015,9,27,34,29,25,26,24,23,89,71,47,1008,1006,1004,5,5,0,5,0.0,140.0
2015,9,28,33,29,26,26,24,23,96,70,46,1009,1007,1005,5,5,3,2,0.0,164.0
2015,9,29,34,30,26,27,25,22,94,70,39,1009,1007,1005,5,5,2,3,0.0,181.0
2015,9,30,35,31,27,28,26,25,84,72,53,1011,1009,1007,6,5,5,0,0.0,122.0
2015,10,1,33,28,23,28,25,22,94,76,46,1013,1011,1008,6,5,3,5,58.93,198.0
2015,10,2,32,29,25,27,26,24,94,81,63,1012,1009,1007,5,5,5,5,0.51,174.0
2015,10,3,33,29,26,26,26,24,94,77,60,1011,1008,1005,5,5,3,5,0.51,172.0
2015,10,4,33,29,25,26,24,22,95,76,49,1011,1008,1005,5,5,3,5,9.91,112.0
2015,10,5,32,28,25,27,26,25,92,79,60,1010,1008,1005,6,5,3,2,1.02,37.0
2015,10,6,32,29,26,27,26,25,94,81,60,1009,1007,1004,27,5,3,5,1.02,66.0
2015,10,7,33,29,26,26,25,24,94,76,49,1009,1007,1005,6,5,3,8,2.03,65.0
2015,10,8,26,26,25,26,24,24,95,93,84,1008,1004,1001,6,4,2,6,17.02,71.0
2015,10,9,31,28,24,26,24,24,94,83,60,1006,1004,1000,6,5,3,8,0.0,84.0
2015,10,10,33,28,24,26,24,23,95,84,65,1008,1007,1005,6,5,3,3,24.89,67.0
2015,10,11,31,27,23,26,24,23,94,82,63,1010,1009,1007,6,5,3,0,0.76,207.0
2015,10,12,31,28,24,26,24,23,94,83,58,1012,1009,1007,6,5,3,0,0.0,287.0
2015,10,13,29,26,23,25,24,23,94,87,69,1013,1011,1008,6,5,1,3,5.08,61.0
2015,10,14,31,27,23,26,23,22,89,77,60,1014,1012,1005,5,5,4,3,0.0,91.0
2015,10,15,31,27,24,25,24,22,94,80,51,1015,1013,1010,5,4,3,0,0.0,146.0
2015,10,16,32,28,24,25,24,20,94,76,56,1015,1012,1010,5,5,3,0,0.0,140.0
2015,10,17,32,28,25,25,24,22,94,74,51,1014,1011,1009,5,4,3,6,0.0,133.0
2015,10,18,32,28,25,26,24,23,94,75,51,1014,1012,1010,5,4,3,3,0.0,134.0
2015,10,19,32,28,25,25,24,23,94,75,51,1014,1011,1008,5,3,1,0,0.0,136.0
2015,10,20,32,28,24,25,24,22,96,75,51,1012,1009,1001,5,4,2,0,0.0,98.0
2015,10,21,32,28,24,25,24,23,96,75,53,1012,1009,1007,4,4,1,0,0.0,161.0
2015,10,22,33,28,23,25,23,20,97,71,42,1013,1010,1004,5,4,2,2,0.0,162.0
2015,10,23,33,29,24,25,23,20,97,72,46,1012,1010,1007,5,4,3,2,0.0,128.0
2015,10,24,32,28,24,25,21,17,88,65,31,1013,1011,1009,5,4,3,2,0.0,137.0
2015,10,25,32,28,23,25,23,22,89,75,47,1014,1012,1010,4,4,3,2,0.0,81.0
2015,10,26,32,28,24,25,23,18,97,73,33,1015,1012,1010,5,3,0,2,0.0,147.0
2015,10,27,33,28,23,25,23,22,94,72,44,1014,1012,1010,6,4,3,0,0.0,142.0
2015,10,28,33,28,23,24,22,20,94,68,39,1014,1012,1011,5,4,3,2,0.0,176.0
2015,10,29,32,28,24,24,23,20,94,70,42,1015,1013,1011,5,4,3,2,0.0,157.0
2015,10,30,27,26,24,26,23,22,95,90,79,1015,1014,1004,5,3,1,2,2.03,90.0
2015,10,31,24,23,22,23,22,21,97,88,76,1016,1014,1013,5,5,3,2,2.03,52.0
2015,11,1,24,23,22,23,21,20,89,85,76,1016,1014,1013,5,5,5,6,1.02,171.0
2015,11,2,30,26,22,24,22,19,91,75,46,1015,1014,1012,6,5,3,3,0.0,108.0
2015,11,3,31,27,22,23,22,20,97,77,49,1015,1013,1011,6,5,3,2,0.0,152.0
2015,11,4,31,27,23,23,22,20,93,71,42,1014,1011,1009,6,5,3,0,0.0,121.0
2015,11,5,31,27,23,23,22,20,93,69,42,1014,1011,1009,6,5,3,6,0.0,118.0
2015,11,6,32,27,22,22,21,18,91,66,37,1013,1011,1009,5,5,3,3,0.0,65.0
2015,11,7,32,27,22,23,19,14,91,59,23,1014,1012,1010,5,4,3,8,0.0,56.0
2015,11,9,30,26,21,26,18,12,88,62,22,1014,1012,1010,5,4,3,2,0.0,73.0
2015,11,10,30,25,20,22,21,18,94,73,50,1013,1011,1008,4,3,3,3,0.0,93.0
2015,11,11,31,27,22,22,20,18,89,67,47,1013,1011,1009,5,5,3,0,0.0,260.0
2015,11,12,31,26,21,22,19,18,94,68,39,1014,1012,1010,5,4,2,5,0.0,227.0
2015,11,19,29,24,19,22,21,19,94,76,50,1015,1013,1011,6,5,1,10,0.0,52.0
2015,11,20,31,26,20,24,21,19,89,79,49,1015,1012,1010,5,4,3,3,0.0,128.0
2015,11,21,32,27,21,22,21,19,91,67,42,1014,1012,1010,7,5,2,3,0.0,124.0
2015,11,22,32,26,20,22,21,18,94,70,37,1014,1012,1010,6,5,3,3,0.0,122.0
2015,11,23,31,25,19,21,19,17,94,66,33,1015,1013,1011,5,4,3,5,0.0,128.0
2015,11,24,30,24,19,20,18,13,94,67,25,1015,1012,1010,5,4,3,0,0.0,184.0
2015,11,25,29,23,18,21,19,17,96,70,38,1014,1012,1009,5,4,3,2,0.0,173.0
2015,11,26,31,24,18,19,17,10,94,62,18,1014,1011,1009,5,4,3,2,0.0,186.0
2015,11,27,29,24,18,20,18,15,94,71,37,1014,1011,1009,4,4,3,2,0.0,200.0
2015,11,28,29,24,19,20,18,15,94,70,38,1017,1015,1013,4,4,3,3,0.0,186.0
2015,11,29,28,23,18,19,18,17,93,68,44,1017,1015,1014,4,3,2,5,0.0,175.0
2015,11,30,29,24,19,21,19,17,89,64,48,1017,1014,1012,4,3,2,11,0.0,174.0
2015,12,1,29,24,20,22,19,18,89,71,48,1015,1013,1011,4,3,2,2,0.0,270.0
2015,12,2,27,24,21,22,21,20,89,76,59,1015,1013,1012,4,3,2,0,0.25,197.0
2015,12,3,25,23,22,22,21,20,95,84,73,1015,1014,1012,3,2,0,0,2.03,269.0
2015,12,4,28,24,22,22,19,16,95,74,51,1015,1013,1011,4,4,3,8,0.0,141.0
2015,12,5,28,24,20,21,19,17,100,74,54,1015,1013,1012,4,3,0,5,0.0,114.0
2015,12,7,28,24,19,19,18,16,88,66,38,1016,1014,1012,4,3,2,3,0.0,68.0
2015,12,8,28,23,19,21,18,16,94,73,40,1016,1013,1011,4,3,2,0,0.0,39.0
2015,12,9,27,23,19,22,19,17,96,76,52,1017,1014,1011,4,3,0,5,0.0,49.0
2015,12,10,27,22,18,20,18,16,94,74,44,1016,1013,1010,4,3,2,3,0.0,83.0
2015,12,12,29,23,18,21,19,17,88,74,50,1014,1011,1010,4,3,3,2,0.0,295.0
2015,12,13,28,23,19,21,21,19,96,77,56,1014,1013,1011,4,3,1,3,0.0,274.0
2015,12,14,28,24,21,23,21,20,94,81,66,1014,1012,1010,4,3,1,3,0.0,230.0
2015,12,15,26,23,21,21,19,18,88,77,64,1014,1013,1011,3,3,2,5,0.0,191.0
2015,12,16,27,23,19,19,15,13,88,64,44,1016,1014,1012,4,3,2,11,0.0,226.0
2015,12,17,25,20,15,14,10,4,94,54,26,1016,1014,1012,4,3,2,6,0.0,316.0
2015,12,18,18,17,16,17,15,14,94,90,77,1016,1015,1013,4,3,1,2,0.0,264.0
2015,12,19,26,21,16,17,14,12,94,66,42,1019,1016,1014,4,4,4,13,0.0,96.0
2015,12,20,25,20,16,17,14,11,88,65,47,1019,1016,1014,4,3,2,8,0.0,123.0
2015,12,21,24,19,14,15,12,10,88,64,41,1018,1016,1014,5,4,2,8,0.0,197.0
2015,12,22,26,20,13,16,13,11,88,68,27,1020,1018,1016,4,4,3,8,0.0,213.0
2015,12,23,27,21,15,17,14,12,83,64,32,1019,1016,1013,4,3,3,10,0.0,173.0
2015,12,24,27,21,16,15,13,10,87,57,27,1018,1015,1013,4,4,3,8,0.0,158.0
2015,12,25,25,21,17,16,14,13,73,62,47,1017,1016,1014,3,3,3,13,0.0,163.0
2015,12,26,24,20,15,15,13,12,88,62,37,1017,1016,1013,4,3,3,11,0.0,156.0
2015,12,27,25,19,13,15,13,10,94,65,28,1017,1016,1014,4,3,1,3,0.0,202.0
2015,12,28,25,19,13,15,14,12,92,63,38,1020,1017,1016,4,3,2,5,0.0,272.0
2015,12,29,24,19,13,17,16,12,94,76,52,1019,1016,1014,3,3,2,2,0.0,277.0
2015,12,30,25,19,13,19,16,14,100,77,46,1017,1015,1014,3,2,0,2,0.0,334.0
2015,12,31,26,20,15,19,17,15,94,78,50,1019,1017,1016,4,3,1,2,0.0,258.0
2016,1,1,26,20,14,18,17,13,100,75,44,1020,1018,1016,4,3,0,5,0.0,260.0
2016,1,2,24,19,14,18,16,15,94,75,44,1019,1017,1014,4,3,1,5,0.0,261.0
2016,1,3,26,20,14,18,17,15,90,71,46,1018,1016,1014,4,3,2,5,0.0,461.0
2016,1,5,26,21,16,16,15,14,94,74,42,1017,1015,1014,4,3,1,3,0.0,75.0
2016,1,6,26,21,16,17,16,14,95,74,46,1019,1015,1013,4,3,1,5,0.0,103.0
2016,1,7,26,20,14,18,16,14,94,71,42,1019,1016,1014,4,3,1,5,0.0,33.0
2016,1,8,26,21,15,19,17,13,94,76,44,1018,1015,1013,3,2,1,3,0.0,35.0
2016,1,9,27,21,15,24,19,15,100,84,61,1015,1013,1011,4,3,2,3,0.0,41.0
2016,1,10,27,22,18,21,19,17,94,76,52,1018,1015,1013,4,3,2,2,0.0,43.0
2016,1,11,25,21,18,20,19,18,100,85,57,1017,1015,1013,3,2,0,5,0.0,149.0
2016,1,12,26,20,14,15,13,9,88,62,31,1017,1014,1012,4,3,2,5,0.0,230.0
2016,1,13,25,19,13,17,14,12,88,70,38,1015,1013,1011,4,3,1,2,0.0,442.0
2016,1,14,25,19,14,16,14,11,94,70,41,1017,1014,1012,4,3,2,3,0.0,357.0
2016,1,15,25,19,14,15,13,11,94,63,31,1014,1012,1010,4,3,2,5,0.0,367.0
2016,1,16,27,21,14,17,13,7,96,63,20,1014,1012,1009,4,3,2,2,0.0,324.0
2016,1,17,27,21,15,16,13,7,94,58,20,1015,1012,1010,4,3,1,6,0.0,297.0
2016,1,18,27,20,13,17,13,10,88,59,29,1015,1012,1010,4,3,2,6,0.0,328.0
2016,1,19,27,21,14,17,14,12,88,60,32,1015,1012,1010,3,3,2,6,0.0,153.0
2016,1,21,21,19,18,18,17,16,94,84,68,1016,1015,1013,3,2,0,2,2.03,246.0
2016,1,22,23,20,17,18,13,4,94,63,15,1018,1016,1014,4,3,2,13,0.0,218.0
2016,1,23,22,18,14,15,14,13,88,73,57,1019,1017,1014,3,2,1,13,0.0,270.0
2016,1,24,23,18,13,15,12,6,94,67,21,1020,1016,1014,4,2,0,11,0.0,241.0
2016,1,25,23,18,13,14,12,8,88,61,33,1017,1014,1012,4,3,2,13,0.0,209.0
2016,1,26,24,18,12,13,9,5,90,53,21,1017,1014,1013,4,4,2,5,0.0,275.0
2016,1,27,24,19,13,13,9,4,88,53,18,1017,1014,1012,4,3,3,5,0.0,261.0
2016,1,28,24,19,15,17,13,8,94,70,43,1016,1014,1012,4,4,3,2,0.0,309.0
2016,1,29,25,20,16,18,15,12,94,68,40,1017,1015,1013,4,3,1,5,0.0,282.0
2016,1,30,25,21,16,18,16,8,94,76,34,1016,1014,1012,3,2,0,0,0.0,317.0
2016,1,31,27,21,16,19,17,13,88,71,46,1016,1013,1011,3,3,1,2,0.0,323.0
2016,2,1,27,22,17,20,18,15,94,76,50,1017,1014,1013,4,3,2,3,0.0,195.0
2016,2,2,25,21,16,20,18,16,100,84,69,1017,1015,1013,3,1,0,5,0.0,316.0
2016,2,3,28,22,16,19,17,13,94,67,32,1016,1013,1011,4,3,0,3,0.0,295.0
2016,2,5,28,21,14,14,11,5,82,50,18,1016,1013,1011,4,4,3,8,0.0,76.0
2016,2,6,27,20,13,13,9,4,68,42,14,1015,1012,1010,4,3,2,8,0.0,70.0
2016,2,7,28,21,13,24,14,9,88,57,25,1016,1014,1012,4,3,1,5,0.0,30.0
2016,2,8,29,22,16,19,14,7,94,61,19,1017,1013,1011,4,3,1,3,0.0,72.0
2016,2,9,27,22,17,20,18,14,94,74,40,1016,1013,1011,4,3,1,3,0.0,40.0
2016,2,10,26,23,21,21,19,18,88,76,54,1014,1012,1010,4,4,3,5,0.0,48.0
2016,2,11,27,22,16,19,18,15,94,74,43,1014,1011,1009,4,3,0,3,0.0,105.0
2016,2,12,28,23,18,22,20,17,89,75,59,1013,1011,1010,4,3,3,8,0.0,177.0
2016,2,13,29,25,21,21,20,19,94,73,50,1014,1012,1011,4,3,0,6,0.0,156.0
2016,2,14,29,24,19,22,20,18,96,76,58,1015,1013,1012,4,3,1,5,0.0,321.0
2016,2,15,31,26,20,21,19,17,94,69,34,1016,1014,1012,4,3,0,3,0.0,402.0
2016,2,16,32,27,21,20,18,14,88,59,29,1019,1015,1013,4,3,2,3,0.0,322.0
2016,2,17,32,26,20,20,18,14,83,57,26,1017,1015,1012,4,3,1,6,0.0,400.0
2016,2,18,31,26,20,22,19,16,83,63,33,1016,1013,1011,3,2,1,11,0.0,172.0
2016,2,20,31,26,21,23,21,17,89,73,52,1015,1012,1010,4,4,3,14,0.0,501.0
2016,2,21,30,26,22,24,22,20,88,75,55,1013,1011,1009,4,3,3,16,0.0,556.0
2016,2,22,30,28,25,24,23,21,89,78,56,1015,1013,1011,4,4,3,18,0.0,377.0
2016,2,23,30,27,24,24,23,21,94,78,58,1015,1013,1011,4,4,4,18,0.0,427.0
2016,2,24,26,24,22,24,22,19,94,85,78,1016,1014,1012,4,4,3,10,0.0,312.0
2016,2,28,31,26,21,26,21,18,88,68,35,1020,1016,1014,4,3,2,6,0.0,400.0
2016,2,29,31,26,21,26,22,17,89,73,48,1019,1016,1013,5,3,1,6,0.0,249.0
2016,3,1,32,26,21,22,19,15,94,65,29,1017,1014,1011,4,3,0,5,0.0,298.0
2016,3,2,33,27,21,22,20,18,89,64,34,1016,1014,1012,4,3,2,6,0.0,186.0
2016,3,3,32,27,22,23,21,19,94,72,42,1017,1014,1012,4,3,1,5,0.0,325.0
2016,3,5,31,26,21,24,22,19,89,74,39,1014,1011,1008,5,3,1,5,0.0,103.0
2016,3,6,31,26,21,24,22,20,94,70,47,1014,1011,1008,4,3,0,5,0.0,78.0
2016,3,7,32,28,23,22,19,16,89,59,28,1013,1010,1008,4,3,3,8,0.0,24.0
2016,3,8,33,27,21,25,23,21,94,77,55,1013,1010,1008,4,3,1,6,0.0,46.0
2016,3,9,33,28,23,25,23,20,94,73,37,1012,1010,1008,5,3,0,6,0.0,37.0
2016,3,10,33,28,23,26,22,19,99,70,46,1013,1011,1009,5,4,3,10,0.0,75.0
2016,3,11,32,28,23,25,24,22,96,76,56,1013,1011,1009,4,4,3,6,0.0,73.0
2016,3,12,32,29,26,25,24,24,94,80,62,1011,1010,1008,4,3,0,10,0.0,155.0
2016,3,14,35,29,23,21,15,7,62,41,11,1013,1011,1009,4,4,3,14,0.0,162.0
2016,4,1,26,22,19,20,18,16,96,77,48,1015,1010,1007,6,5,3,18,0.0,241.0
2016,4,3,32,28,24,26,24,22,89,75,56,1013,1011,1009,5,4,3,11,0.0,275.0
2016,4,5,31,28,25,27,24,17,100,76,54,1009,1007,1005,5,4,3,16,0.0,76.0
2016,4,6,32,29,26,26,25,24,84,74,58,1010,1008,1006,5,4,3,19,0.0,55.0
2016,4,7,32,29,26,27,26,25,95,80,63,1010,1008,1006,5,4,3,14,0.0,40.0
2016,4,8,32,29,26,27,25,21,95,76,56,1011,1008,1005,5,4,3,11,0.0,35.0
2016,4,9,33,29,26,27,26,23,100,81,66,1010,1008,1007,5,4,3,11,0.0,31.0
2016,4,10,32,29,25,26,25,21,89,74,58,1017,1009,1007,6,5,2,14,0.0,67.0
2016,4,11,33,30,27,27,26,22,89,77,62,1009,1006,1004,6,5,3,13,0.0,92.0
2016,4,12,33,30,27,27,27,26,89,79,60,1007,1005,1003,5,5,3,23,0.0,302.0
2016,4,13,32,30,28,27,26,25,89,76,65,1006,1004,1002,5,4,4,23,0.0,98.0
2016,4,14,33,30,28,27,26,25,89,73,63,1008,1006,1004,6,6,4,23,0.0,178.0
2016,4,15,33,30,27,27,25,22,89,75,63,1010,1007,1006,6,5,4,18,0.0,170.0
2016,4,16,33,30,27,27,26,23,89,73,63,1009,1006,1004,6,5,4,23,0.0,42.0
2016,4,17,33,29,26,25,24,24,84,70,56,1008,1007,1005,6,6,5,21,0.0,61.0
2016,4,18,33,30,26,26,24,24,84,68,53,1010,1008,1006,5,5,3,19,0.0,74.0
2016,4,19,33,30,27,26,25,23,84,72,58,1010,1008,1006,27,6,5,27,0.0,83.0
2016,4,20,33,29,26,26,24,21,89,71,51,1010,1008,1006,6,5,3,18,0.0,104.0
2016,4,21,33,29,26,26,25,24,84,71,53,1008,1006,1003,5,5,3,24,0.0,67.0
2016,4,22,32,29,27,26,26,24,84,75,58,1007,1005,1002,6,5,5,24,0.51,65.0
2016,4,23,34,31,28,27,26,25,89,73,55,1004,1002,1000,6,5,5,29,0.51,64.0
2016,4,24,33,31,29,28,27,26,84,75,68,1004,1003,1002,6,5,5,24,0.0,70.0
2016,4,25,33,31,29,28,27,26,86,77,62,1009,1006,1004,6,5,3,24,0.0,69.0
2016,4,26,34,31,27,27,26,25,84,73,55,1011,1009,1007,6,5,5,16,0.0,54.0
2016,4,27,33,30,27,27,26,25,89,70,51,1010,1007,1005,7,6,6,14,0.0,60.0
2016,4,28,34,31,28,27,26,25,89,71,55,1009,1006,1004,6,5,3,13,0.0,65.0
2016,4,29,34,31,28,27,26,25,84,70,53,1009,1007,1005,6,5,3,14,0.0,70.0
2016,4,30,35,31,28,28,26,20,97,70,47,1009,1006,1004,6,5,3,18,0.0,79.0
2016,5,1,34,30,25,27,26,21,94,72,55,1009,1006,1003,7,6,4,18,0.0,322.0
2016,5,3,33,27,21,25,22,19,83,67,49,1010,1007,1005,5,5,3,11,0.0,301.0
2016,5,5,34,30,25,23,22,19,79,60,39,1011,1008,1007,6,6,5,8,0.25,102.0
2016,5,6,34,29,25,26,24,22,89,70,49,1010,1008,1005,6,5,5,10,0.0,101.0
2016,5,7,33,29,24,26,24,23,89,74,53,1009,1008,1006,6,5,3,10,0.0,25.0
2016,5,8,33,29,25,25,24,21,81,65,49,1010,1008,1006,5,5,4,13,0.0,28.0
2016,5,9,33,30,27,26,26,25,94,73,53,1011,1008,1006,6,6,3,8,0.0,36.0
2016,5,10,34,31,28,27,26,25,89,76,60,1010,1008,1005,6,5,2,13,0.0,68.0
2016,5,11,34,31,28,27,25,20,89,66,36,1009,1006,1003,6,5,3,29,0.0,44.0
2016,5,12,34,31,28,27,26,23,89,69,46,1006,1004,1002,7,6,5,8,0.0,176.0
2016,5,13,29,26,23,26,23,20,100,84,66,1010,1006,1004,6,4,1,10,1.02,99.0
2016,5,14,34,28,22,27,24,22,89,71,42,1010,1007,1004,6,5,5,13,0.0,75.0
2016,5,15,34,31,27,27,26,25,89,72,49,1010,1008,1006,6,6,5,10,0.0,76.0
2016,5,16,34,31,27,27,26,24,89,73,58,1008,1006,1003,6,5,5,16,0.0,73.0
2016,5,17,32,30,28,28,27,26,89,78,68,1007,1005,1003,6,6,5,19,0.0,64.0
2016,5,18,34,30,25,27,26,23,89,74,55,1008,1005,1003,6,5,4,16,9.91,19.0
2016,5,19,28,26,24,26,25,23,96,92,85,1008,1006,1004,6,4,2,11,7.11,24.0
2016,5,20,29,27,24,25,24,23,96,90,71,1006,1003,1001,5,4,3,13,2.03,18.0
2016,5,21,28,26,24,26,24,24,100,92,79,1001,993,986,4,3,2,31,0.0,11.0
2016,5,22,30,27,24,26,25,23,94,84,74,1002,1000,998,6,5,3,10,0.0,75.0
2016,5,23,33,29,26,28,26,25,94,77,63,1003,1001,999,6,6,3,11,0.0,81.0
2016,5,24,34,30,26,27,25,24,89,78,56,1003,1001,998,6,5,3,11,0.0,91.0
2016,5,25,33,29,25,28,25,23,94,77,59,1004,1000,998,6,5,5,11,6.1,89.0
2016,5,26,33,28,24,27,25,21,89,71,53,1003,1002,1000,6,5,3,11,6.1,76.0
2016,5,27,33,30,27,27,26,23,89,76,60,1005,1003,1001,6,6,5,11,0.0,80.0
2016,5,28,34,30,26,28,26,24,89,75,55,1005,1003,1001,5,5,3,16,0.0,75.0
2016,5,29,34,30,26,27,27,26,87,75,62,1004,1003,1001,6,5,5,13,0.0,91.0
2016,5,30,34,31,28,27,26,25,94,74,63,1005,1003,1001,6,6,5,13,0.0,92.0
2016,5,31,34,31,26,27,25,23,89,75,58,1006,1004,1003,6,5,5,13,0.0,93.0
2016,6,1,33,29,26,26,25,23,85,73,53,1007,1005,1003,5,5,3,11,0.0,261.0
2016,6,5,34,30,26,27,26,24,84,73,53,1008,1006,1004,6,5,3,11,2.03,71.0
2016,6,6,34,30,26,26,25,24,89,70,56,1008,1006,1004,6,6,5,13,0.0,25.0
2016,6,7,34,30,26,27,25,21,94,76,52,1008,1006,1004,5,5,4,14,0.0,39.0
2016,6,8,32,29,27,26,26,25,94,86,70,1006,1004,1002,6,5,4,16,0.0,35.0
2016,6,9,26,26,26,25,25,25,94,94,94,1002,1002,1001,4,4,4,10,0.0,64.0
2016,6,10,30,28,27,27,25,24,84,83,79,1000,999,998,5,5,5,6,0.0,53.0
2016,6,11,30,28,25,26,24,23,94,88,79,1002,1001,1000,5,4,4,11,0.0,62.0
2016,6,12,28,26,24,25,24,23,100,89,79,1004,1002,1000,5,4,4,10,0.0,195.0
2016,6,13,28,26,24,26,24,23,94,92,89,1004,1002,999,5,4,3,11,0.0,30.0
2016,6,14,34,29,25,30,26,23,89,80,66,1002,1000,997,6,5,4,11,0.0,37.0
2016,6,15,32,29,27,27,26,25,89,79,70,1001,999,998,6,5,4,14,0.0,32.0
2016,6,16,33,30,28,27,26,26,89,78,66,1002,1000,999,6,5,5,13,0.0,38.0
2016,6,17,34,30,27,27,26,24,89,76,59,1004,1001,1000,6,5,4,13,0.0,24.0
2016,6,18,34,31,28,26,25,24,84,71,59,1006,1004,1003,6,6,5,18,0.0,49.0
2016,6,19,33,30,26,25,24,24,89,68,49,1007,1006,1004,6,6,5,14,0.0,44.0
2016,6,20,33,30,26,26,25,23,89,72,47,1008,1005,1003,27,6,3,16,0.0,41.0
2016,6,21,34,30,27,27,26,25,94,75,58,1007,1005,1003,6,6,5,13,0.0,43.0
2016,6,22,34,31,27,26,26,24,84,72,58,1007,1005,1003,6,6,5,14,0.0,43.0
2016,6,23,34,31,28,27,26,25,90,74,53,1006,1004,1001,6,5,0,11,0.0,46.0
2016,6,24,33,30,27,27,26,24,91,75,51,1005,1003,1000,6,5,3,11,2.03,22.0
2016,6,25,34,30,27,27,26,25,89,74,51,1006,1003,1001,7,5,3,10,0.0,32.0
2016,6,26,33,29,26,27,26,24,89,73,53,1005,1003,1000,7,6,4,6,8.89,63.0
2016,6,27,35,31,26,26,26,25,89,72,49,1004,1002,999,6,5,4,13,8.89,64.0
2016,6,28,34,30,27,26,26,24,87,70,47,1004,1003,1001,6,6,5,16,1.02,45.0
2016,6,29,34,30,26,27,26,24,89,74,59,1005,1003,1002,6,6,5,13,0.0,49.0
2016,6,30,34,31,27,27,26,24,88,73,58,1004,1002,999,6,5,3,14,0.0,41.0
2016,7,1,33,30,27,26,25,24,89,74,51,1001,1000,998,6,5,3,18,0.0,335.0
2016,7,2,32,29,27,27,26,25,94,82,63,1002,1000,999,5,5,3,18,3.05,326.0
2016,7,5,28,27,25,27,26,24,96,92,87,1002,1001,999,5,4,3,14,9.91,100.0
2016,7,6,27,26,25,26,26,24,95,93,89,1002,1001,999,5,3,3,8,8.89,19.0
2016,7,7,32,29,26,27,26,25,95,81,65,1001,999,997,6,5,4,11,0.0,35.0
2016,7,9,31,29,27,27,26,24,89,81,71,999,998,997,5,5,3,14,1.02,76.0
2016,7,10,32,29,26,27,26,25,88,82,65,1000,998,997,6,5,3,21,5.08,65.0
2016,7,11,31,28,26,28,26,24,90,84,76,1001,1000,999,6,5,5,14,3.05,72.0
2016,7,12,31,28,26,27,26,25,95,83,71,1004,1002,1000,5,5,4,19,7.11,168.0
2016,7,13,31,29,26,27,26,25,94,85,74,1004,1002,999,6,5,3,14,24.89,41.0
2016,7,14,33,29,26,27,27,25,94,80,65,1003,1001,999,6,6,5,13,0.0,53.0
2016,7,15,33,29,26,26,26,25,95,82,60,1004,1002,999,6,5,4,18,1.02,39.0
2016,7,16,28,27,26,26,26,24,94,89,74,1008,1006,1003,6,5,3,19,4.06,36.0
2016,7,17,28,27,25,26,24,24,96,87,78,1009,1008,1006,5,4,1,13,25.91,50.0
2016,7,18,29,27,24,26,24,23,94,86,66,1008,1005,1003,5,5,0,13,11.94,52.0
2016,7,19,31,28,24,27,26,25,95,85,68,1005,1003,1001,6,5,3,18,0.25,55.0
2016,7,20,32,29,25,26,26,25,94,83,70,1005,1003,1002,6,5,3,8,6.1,45.0
2016,7,21,31,29,27,26,26,25,89,81,68,1006,1004,1003,6,5,5,13,0.0,42.0
2016,7,22,33,30,28,26,25,25,84,73,56,1007,1005,1004,6,6,5,16,0.0,39.0
2016,7,23,32,29,27,26,25,24,89,76,60,1007,1006,1005,6,5,5,18,0.0,44.0
2016,7,24,33,29,26,26,25,24,89,74,53,1008,1007,1005,6,5,5,14,0.0,39.0
2016,7,25,27,26,25,26,24,24,96,90,84,1010,1008,1007,5,4,3,11,13.97,36.0
2016,7,26,31,28,24,25,24,23,94,75,63,1010,1008,1006,6,6,5,6,0.0,73.0
2016,7,27,31,29,26,26,24,23,94,73,54,1010,1007,1005,6,5,5,5,0.0,58.0
2016,7,28,31,28,26,27,26,25,89,79,71,1007,1004,1001,6,5,5,5,20.07,44.0
2016,7,29,32,29,26,27,26,25,95,82,63,1005,1003,1001,6,5,3,6,2.03,49.0
2016,7,30,33,29,26,27,26,25,95,77,60,1004,1002,999,6,5,3,5,0.0,55.0
2016,7,31,33,29,26,27,26,25,95,81,60,1003,1001,998,6,5,4,5,7.87,49.0
2016,8,1,34,30,26,26,26,25,94,80,51,1001,999,996,6,5,5,6,0.0,248.0
2016,8,2,33,30,27,27,25,24,89,72,53,1000,998,995,5,5,5,14,0.25,296.0
2016,8,5,33,29,26,26,25,23,89,72,59,1003,1001,999,6,6,5,18,0.25,48.0
2016,8,6,33,29,26,26,25,23,94,79,59,1005,1003,1001,5,5,4,18,0.51,17.0
2016,8,7,32,29,25,26,26,24,96,81,70,1005,1003,1001,6,5,3,16,0.0,36.0
2016,8,8,32,29,26,28,26,24,94,81,60,1004,1002,1000,5,5,3,16,4.06,32.0
2016,8,9,27,26,25,25,24,24,96,92,84,1003,1001,999,5,4,2,14,0.0,85.0
2016,8,10,27,26,24,25,24,24,96,92,85,1003,1001,1000,5,4,2,18,17.02,38.0
2016,8,11,30,27,24,26,26,24,95,90,84,1005,1003,1002,5,4,3,11,12.95,158.0
2016,8,12,31,28,25,27,26,25,92,84,74,1005,1003,1001,6,5,5,10,1.02,167.0
2016,8,13,33,29,26,27,26,25,95,82,66,1004,1002,1000,6,5,3,13,1.02,40.0
2016,8,14,32,29,26,26,26,25,95,80,68,1003,1000,997,6,5,5,10,11.94,48.0
2016,8,15,32,29,26,27,26,25,92,76,60,1001,997,995,6,6,3,5,2.03,48.0
2016,8,16,34,30,27,28,26,24,89,75,62,1005,995,993,5,5,5,6,2.03,35.0
2016,8,17,29,28,27,27,25,23,89,82,71,999,997,996,6,5,0,16,0.25,30.0
2016,8,18,32,29,26,27,25,24,94,76,58,1002,1001,998,6,5,5,11,5.08,69.0
2016,8,19,33,30,27,27,26,24,95,77,56,1003,1002,1000,5,5,3,10,5.08,76.0
2016,8,20,31,29,27,27,27,26,95,87,70,1003,1001,1000,5,5,3,3,1.02,90.0
2016,8,21,26,26,25,26,24,24,100,94,88,1005,1002,998,4,4,3,23,19.05,64.0
2016,8,22,32,28,24,27,24,23,94,76,54,1007,1005,1004,6,5,3,8,2.03,80.0
2016,8,23,32,29,26,26,25,25,95,77,58,1006,1004,1002,5,5,5,5,0.0,80.0
2016,8,24,31,28,26,27,26,24,89,79,68,1004,1002,1000,5,5,4,8,0.76,78.0
2016,8,25,32,29,27,27,26,25,94,75,58,1005,1003,1001,5,5,3,3,0.0,72.0
2016,8,26,34,31,28,27,26,26,87,75,60,1006,1004,1002,6,5,5,2,0.0,77.0
2016,8,27,31,28,26,27,26,25,94,82,65,1009,1006,1004,5,5,5,13,0.0,49.0
2016,8,28,33,30,27,26,26,25,89,74,63,1009,1006,1004,6,5,5,10,4.06,40.0
2016,8,29,33,29,25,27,26,24,89,77,53,1007,1004,1001,6,5,2,3,29.97,62.0
2016,8,30,33,30,27,27,26,25,94,76,58,1006,1004,1001,6,6,5,8,0.0,44.0
2016,8,31,32,29,26,30,26,25,95,84,70,1007,1005,1003,5,5,3,13,2.03,35.0
2016,9,1,31,28,26,28,26,25,100,89,79,1008,1005,1002,6,4,1,13,2.03,274.0
2016,9,2,30,28,26,26,26,24,95,87,77,1005,1002,1000,5,5,3,11,0.0,242.0
2016,9,5,32,29,25,26,26,24,89,78,58,1003,1001,999,5,5,4,11,3.05,53.0
2016,9,6,31,29,27,27,26,25,94,87,83,1004,1002,1001,5,5,3,10,3.05,11.0
2016,9,7,32,29,26,26,25,24,92,78,60,1005,1003,1001,5,5,5,32,0.0,29.0
2016,9,8,33,29,26,26,26,24,89,74,60,1006,1004,1003,5,5,5,8,0.0,32.0
2016,9,9,33,30,27,25,25,24,84,73,51,1008,1006,1005,6,5,3,13,0.0,82.0
2016,9,11,31,28,26,26,26,25,94,80,68,1007,1005,1003,6,5,4,6,6.1,161.0
2016,9,12,31,29,27,26,26,25,94,83,70,1007,1005,1003,5,5,3,5,0.0,174.0
2016,9,13,32,29,25,26,25,24,96,78,65,1008,1006,1004,6,5,3,5,3.05,50.0
2016,9,14,32,29,26,26,24,23,89,76,62,1008,1006,1003,6,5,5,6,0.0,41.0
2016,9,15,33,30,27,26,25,24,89,72,51,1008,1005,1003,10,6,5,6,0.0,52.0
2016,9,16,32,29,25,26,25,25,96,79,58,1007,1005,1002,6,5,5,6,1.02,35.0
2016,9,17,32,29,26,27,25,24,95,80,60,1007,1005,1003,6,5,3,8,2.03,56.0
2016,9,19,32,29,26,27,26,25,89,78,60,1007,1005,1002,6,6,5,0,0.0,53.0
2016,9,20,33,30,27,26,25,24,94,78,53,1007,1005,1002,6,5,4,0,6.1,50.0
2016,9,21,34,30,26,26,25,24,89,73,53,1010,1007,1005,6,5,3,5,11.94,49.0
2016,9,23,34,29,25,26,25,24,96,72,53,1008,1006,1003,6,5,3,8,0.0,44.0
2016,9,24,33,30,26,27,25,24,89,73,53,1007,1005,1002,6,6,5,11,0.0,44.0
2016,9,25,33,29,26,27,26,24,94,75,51,1007,1005,1002,6,6,5,10,0.0,52.0
2016,9,26,33,29,25,28,26,24,94,73,56,1007,1006,1004,6,5,3,5,0.0,47.0
2016,9,27,33,30,27,28,27,26,100,81,65,1008,1006,1002,6,5,3,5,2.03,72.0
2016,9,28,32,29,26,28,26,24,94,81,65,1008,1005,1002,6,5,3,6,5.08,134.0
2016,9,29,33,29,26,26,26,25,91,75,58,1007,1005,1002,6,6,5,6,0.0,39.0
2016,9,30,34,31,27,26,26,25,94,75,55,1008,1004,1001,6,6,4,2,7.11,49.0
2016,10,1,34,30,26,26,26,24,89,74,51,1008,1007,1005,6,6,5,2,0.0,88.0
2016,10,2,33,30,27,27,26,24,94,77,58,1011,1008,1005,6,5,5,3,0.0,254.0
2016,10,4,31,28,24,26,25,23,94,82,68,1007,1005,1002,5,5,5,2,0.0,94.0
2016,10,5,33,30,27,27,26,25,95,86,60,1007,1004,1002,5,5,5,2,6.1,73.0
2016,10,6,34,30,26,27,25,24,94,73,51,1007,1005,1003,6,6,5,2,0.0,49.0
2016,10,7,34,31,27,27,26,24,94,77,56,1009,1006,1003,6,5,5,2,0.0,25.0
2016,10,8,33,29,26,27,26,24,89,75,58,1009,1007,1004,6,5,3,11,0.0,28.0
2016,10,9,33,30,26,26,26,25,95,78,66,1008,1006,1003,6,5,5,3,0.0,87.0
2016,10,11,28,26,24,25,24,22,94,88,75,1007,1005,1003,5,4,3,10,12.95,169.0
2016,10,12,26,24,23,25,24,23,96,92,85,1006,1005,1003,5,4,3,10,2.03,175.0
2016,10,13,30,27,24,26,25,24,94,85,74,1010,1007,1005,5,5,3,2,0.0,99.0
2016,10,14,32,29,26,26,26,25,96,83,70,1009,1007,1005,5,4,3,2,0.0,110.0
2016,10,15,33,29,26,26,26,25,96,82,66,1009,1007,1005,5,4,2,6,0.0,94.0
2016,10,16,33,30,27,26,26,25,89,75,63,1010,1007,1005,5,4,2,6,0.0,116.0
2016,10,17,34,30,26,28,26,25,89,77,63,1008,1006,1003,5,5,3,6,0.0,119.0
2016,10,18,33,29,25,26,26,24,99,77,53,1009,1006,1003,5,5,3,2,0.0,131.0
2016,10,19,33,30,26,27,26,25,94,75,58,1008,1005,1002,5,5,3,5,0.0,124.0
2016,10,20,34,30,26,26,25,24,94,72,51,1006,1004,1002,5,4,2,6,0.0,140.0
2016,10,21,34,30,25,25,21,15,96,62,30,1007,1005,1003,6,5,1,3,0.0,149.0
2016,10,22,34,29,23,24,19,14,89,56,21,1009,1006,1004,6,5,4,6,0.0,148.0
2016,10,23,34,28,23,25,20,15,83,57,30,1009,1005,1003,6,5,3,6,0.0,102.0
2016,10,24,33,29,25,24,21,15,78,60,25,1006,1004,1002,5,5,5,8,0.0,135.0
2016,10,26,34,30,26,25,23,22,89,73,52,1011,1008,1007,5,5,3,3,0.0,135.0
2016,10,27,33,29,25,25,23,22,96,75,49,1017,1011,1009,5,4,3,2,0.0,110.0
2016,10,28,32,29,25,26,24,23,89,81,66,1013,1010,1007,5,5,5,2,10.92,76.0
2016,10,29,32,28,24,25,23,22,97,79,46,1012,1010,1009,5,5,3,6,2.03,56.0
2016,10,30,30,27,24,25,24,23,97,79,58,1013,1011,1009,5,5,3,3,0.0,72.0
2016,10,31,34,30,26,26,24,21,89,71,46,1015,1013,1011,5,4,3,3,0.0,99.0
2016,11,1,34,30,26,25,24,22,92,74,44,1013,1012,1010,6,5,2,2,0.0,200.0
2016,11,2,33,29,25,25,23,20,89,69,36,1013,1011,1009,5,5,3,6,0.0,195.0
2016,11,5,24,22,20,23,21,13,94,86,47,1010,1006,1002,5,5,3,19,37.08,87.0
2016,11,6,26,23,20,24,22,20,97,93,89,1006,1004,1002,4,3,3,13,1.02,14.0
2016,11,7,28,24,21,24,23,23,94,86,72,1010,1008,1005,5,5,3,11,0.51,24.0
2016,11,8,29,26,22,23,21,15,94,75,40,1012,1010,1008,5,4,1,5,0.0,60.0
2016,11,9,29,26,21,23,21,19,90,67,51,1013,1010,1008,5,5,3,10,0.0,63.0
2016,11,10,30,26,22,23,21,20,94,72,52,1013,1011,1008,5,5,3,5,0.0,41.0
2016,11,11,29,25,21,22,19,16,94,67,42,1014,1012,1010,5,4,1,5,0.0,190.0
2016,11,12,31,26,20,23,20,18,91,73,51,1015,1013,1011,4,3,2,5,0.0,174.0
2016,11,13,30,25,20,22,20,17,95,69,38,1016,1013,1011,4,3,2,6,0.0,203.0
2016,11,14,31,26,21,21,19,15,94,66,31,1014,1012,1010,5,4,0,6,0.0,146.0
2016,11,16,30,26,21,22,20,17,88,70,42,1014,1012,1010,5,4,3,11,0.0,126.0
2016,11,17,29,24,20,22,21,20,88,73,58,1014,1012,1010,5,5,3,10,0.0,118.0
2016,11,18,29,24,21,22,21,19,91,75,56,1013,1010,1008,5,5,4,11,0.0,107.0
2016,11,19,29,24,19,20,17,13,88,62,26,1012,1010,1008,5,5,3,10,0.0,153.0
2016,11,20,29,23,18,19,17,15,88,64,34,1014,1011,1009,5,5,3,3,0.0,199.0
2016,11,21,29,24,19,20,18,17,88,70,44,1012,1010,1008,4,4,2,6,0.0,172.0
2016,11,22,28,23,18,20,17,13,94,66,34,1012,1010,1007,5,4,3,8,0.0,195.0
2016,11,23,28,23,18,18,17,15,89,66,42,1014,1011,1009,5,4,2,3,0.0,189.0
2016,11,24,28,23,19,19,17,12,94,69,37,1013,1011,1008,5,4,2,6,0.0,180.0
2016,11,25,28,23,18,19,18,16,88,69,40,1013,1010,1007,5,4,3,2,0.0,154.0
2016,11,26,27,22,18,21,18,16,94,74,48,1012,1010,1008,5,4,3,2,0.0,188.0
2016,11,27,29,23,18,19,18,17,94,69,44,1013,1010,1007,5,4,3,2,0.0,186.0
2016,11,28,28,23,18,19,17,16,89,70,40,1014,1011,1009,5,4,3,0,0.0,182.0
2016,11,29,29,23,18,19,18,16,94,71,48,1015,1013,1011,5,3,0,0,0.0,166.0
2016,11,30,30,24,19,21,18,16,94,70,38,1016,1013,1012,5,5,3,2,0.0,199.0
2016,12,1,30,24,19,20,19,17,96,74,40,1016,1014,1012,5,4,0,2,0.0,358.0
2016,12,2,31,26,21,21,19,17,91,71,47,1016,1014,1012,5,4,3,3,0.0,177.0
2016,12,4,30,26,21,21,19,17,83,66,48,1016,1013,1011,4,4,3,10,0.0,100.0
2016,12,5,30,24,19,20,19,18,94,68,46,1015,1013,1010,5,4,3,10,0.0,89.0
2016,12,6,30,24,19,21,19,18,94,71,46,1015,1013,1011,5,4,1,3,0.0,57.0
2016,12,7,31,24,18,19,18,15,94,74,31,1015,1012,1010,5,4,3,5,0.0,40.0
2016,12,8,30,24,18,19,17,13,94,70,35,1013,1011,1009,5,4,1,3,0.0,54.0
2016,12,9,30,24,18,19,17,13,94,67,25,1012,1009,1006,5,4,2,2,0.0,56.0
2016,12,10,30,24,18,20,18,16,89,66,37,1011,1009,1007,4,4,3,10,0.0,39.0
2016,12,11,31,24,19,21,18,17,88,69,40,1012,1009,1007,5,4,3,8,0.0,234.0
2016,12,12,29,24,19,20,17,12,94,70,37,1016,1010,1008,4,3,2,3,0.0,274.0
2016,12,13,28,22,17,25,17,13,88,67,35,1013,1011,1008,4,3,2,5,0.0,295.0
2016,12,15,28,22,17,18,17,16,94,74,48,1015,1012,1010,5,3,1,10,0.0,319.0
2016,12,16,27,22,17,18,17,16,89,74,42,1015,1013,1011,5,4,0,3,0.0,238.0
2016,12,17,27,22,17,19,17,16,89,68,44,1015,1013,1010,4,4,2,5,0.0,274.0
2016,12,18,27,22,18,19,17,14,94,74,46,1016,1014,1012,4,3,2,2,0.0,330.0
2016,12,19,27,22,17,19,17,15,94,73,37,1016,1013,1011,3,2,0,3,0.0,168.0
2016,12,20,25,21,16,18,17,17,94,77,54,1015,1012,1010,3,2,0,0,0.0,471.0
2016,12,21,25,21,17,19,17,14,94,73,40,1015,1013,1010,3,2,0,5,0.0,343.0
2016,12,22,27,22,18,19,17,16,94,71,48,1014,1011,1009,3,3,2,6,0.0,349.0
2016,12,23,27,23,19,19,18,16,94,74,44,1012,1010,1008,4,3,1,2,0.0,351.0
2016,12,24,28,24,20,21,19,17,88,74,44,1012,1010,1009,4,3,1,0,0.0,230.0
2016,12,25,27,22,18,21,19,18,100,77,58,1014,1012,1010,4,3,0,0,0.0,310.0
2016,12,26,27,22,18,21,18,16,94,79,52,1014,1012,1009,4,2,0,3,0.0,338.0
2016,12,27,28,23,18,18,17,14,97,70,46,1016,1013,1010,4,2,0,5,0.0,301.0
2016,12,28,26,21,17,19,18,16,100,77,54,1014,1013,1010,4,2,0,10,0.0,193.0
2016,12,29,29,23,18,21,18,16,94,75,51,1016,1014,1011,5,4,3,5,0.0,245.0
2016,12,30,27,22,17,19,18,17,94,74,46,1017,1015,1013,4,3,0,0,0.0,347.0
2016,12,31,27,22,17,18,16,12,94,67,29,1016,1014,1012,4,3,0,2,0.0,353.0
2017,1,1,28,22,16,18,14,10,88,62,34,1017,1014,1012,4,3,1,3,0.0,312.0
2017,1,2,29,22,16,18,16,14,90,66,37,1016,1014,1011,4,3,2,2,0.0,323.0
2017,1,3,28,22,17,18,16,11,94,67,35,1015,1012,1010,5,4,1,6,0.0,276.0
2017,1,4,27,22,17,18,16,13,94,69,31,1014,1012,1010,4,3,1,6,0.0,66.0
2017,1,5,27,21,16,18,16,13,94,66,40,1014,1011,1009,5,3,1,11,0.0,95.0
2017,1,6,26,21,16,18,16,14,94,71,44,1014,1012,1010,4,3,0,13,0.0,52.0
2017,1,7,27,21,16,17,16,14,94,70,48,1012,1010,1008,3,2,1,8,0.0,29.0
2017,1,8,28,21,15,15,13,9,88,58,32,1013,1010,1008,4,3,2,11,0.0,30.0
2017,1,9,29,22,16,16,14,12,88,59,35,1012,1010,1008,4,4,2,8,0.0,11.0
2017,1,10,28,22,16,14,13,11,82,54,25,1012,1010,1008,4,3,1,13,0.0,30.0
2017,1,11,27,21,15,16,13,9,82,59,34,1013,1011,1009,5,4,3,16,0.0,95.0
2017,1,12,26,20,15,12,9,5,72,47,28,1014,1012,1010,5,4,3,18,0.0,154.0
2017,1,13,26,20,14,11,9,7,72,52,36,1015,1013,1011,5,4,2,18,0.0,182.0
2017,1,14,23,19,15,17,8,5,77,48,24,1016,1014,1012,4,4,3,19,0.0,185.0
2017,1,15,24,19,13,13,11,9,82,58,33,1016,1014,1012,4,3,1,18,0.0,335.0
2017,1,16,26,19,13,16,13,8,88,62,32,1015,1013,1011,4,3,2,13,0.0,316.0
2017,1,17,26,20,14,14,12,10,94,56,31,1016,1014,1011,4,3,1,10,0.0,310.0
2017,1,19,29,22,16,15,13,8,88,56,27,1017,1015,1013,4,3,1,13,0.0,249.0
2017,1,20,28,21,14,18,14,10,88,61,24,1018,1015,1013,4,3,1,11,0.0,217.0
2017,1,21,27,21,16,15,13,10,82,55,29,1018,1016,1013,4,3,1,14,0.0,273.0
2017,1,22,28,22,15,17,15,13,88,64,35,1018,1015,1013,4,3,1,10,0.0,310.0
2017,1,23,28,21,15,17,15,9,94,66,32,1019,1015,1011,4,3,2,6,0.0,313.0
2017,1,24,28,22,17,16,14,11,94,58,35,1018,1016,1014,4,3,1,6,0.0,339.0
2017,1,25,30,23,16,16,14,11,77,53,28,1019,1016,1014,5,4,2,3,0.0,223.0
2017,1,26,31,24,18,18,16,15,94,62,32,1018,1016,1013,4,4,3,2,0.0,268.0
2017,1,27,29,22,16,17,16,14,94,61,32,1015,1014,1013,4,3,3,2,0.0,240.0
2017,1,28,27,22,17,19,17,15,88,68,48,1016,1013,1011,3,3,1,2,0.0,259.0
2017,1,29,26,23,20,17,16,12,78,63,53,1015,1013,1011,4,4,3,10,0.0,257.0
2017,1,30,26,21,17,16,14,13,88,62,40,1015,1012,1011,4,3,3,11,0.0,148.0
2017,1,31,27,21,16,16,14,12,83,63,40,1015,1013,1012,4,3,1,6,0.0,215.0
2017,2,1,28,22,16,16,14,11,88,59,34,1016,1014,1012,4,2,0,14,0.0,292.0
2017,2,2,29,23,17,16,12,8,83,51,21,1018,1015,1013,4,2,1,14,0.0,246.0
2017,2,3,26,18,14,13,12,12,48,40,32,1017,1016,1015,3,3,3,11,0.0,278.0
2017,2,4,31,22,14,13,13,11,84,53,31,1016,1013,1011,5,4,2,6,0.0,69.0
2017,2,5,33,24,17,19,13,6,86,49,11,1014,1012,1010,5,4,3,3,0.0,77.0
2017,2,6,30,24,18,20,17,13,94,61,27,1013,1011,1009,4,3,1,6,0.0,73.0
2017,2,7,26,21,17,20,18,16,96,76,50,1013,1011,1010,4,3,0,3,0.0,30.0
2017,2,8,28,22,17,19,17,14,99,73,42,1015,1012,1010,4,2,0,5,0.0,29.0
2017,2,9,29,22,16,17,12,6,88,53,19,1014,1012,1010,5,4,1,11,0.0,11.0
2017,2,10,29,22,16,17,13,6,94,56,25,1014,1012,1010,4,3,0,11,0.0,68.0
2017,2,11,30,24,18,19,15,9,83,58,23,1016,1014,1013,3,3,3,2,0.0,65.0
2017,2,12,31,24,19,19,16,14,94,57,35,1017,1016,1014,4,4,1,10,0.0,124.0
2017,2,13,31,25,19,16,13,8,83,48,15,1018,1017,1015,5,4,1,13,0.0,178.0
2017,2,14,32,26,19,16,12,6,73,47,13,1020,1018,1015,27,5,2,11,0.0,218.0
2017,2,15,31,26,20,19,13,8,71,45,25,1019,1017,1014,4,4,3,11,0.0,123.0
2017,2,16,30,24,18,18,14,11,83,55,24,1017,1015,1013,4,3,1,5,0.0,351.0
2017,2,17,31,24,17,20,15,8,88,58,24,1016,1014,1011,4,3,1,5,0.0,330.0
2017,2,18,31,24,18,21,18,15,94,66,38,1016,1014,1012,4,3,1,2,0.0,397.0
2017,2,19,28,23,18,21,18,16,95,73,42,1015,1012,1009,3,2,1,3,0.0,269.0
2017,2,20,30,26,21,22,21,19,88,74,58,1012,1009,1006,3,2,2,8,0.0,210.0
2017,2,21,29,26,22,23,22,20,94,80,58,1012,1010,1008,4,4,3,18,0.0,88.0
2017,2,22,30,26,22,24,22,21,98,78,61,1013,1011,1009,4,4,3,14,0.0,63.0
2017,2,23,29,25,21,23,22,20,94,77,54,1014,1012,1010,4,4,3,14,0.0,78.0
2017,2,24,30,26,21,23,19,17,94,68,45,1015,1013,1011,5,4,2,8,0.0,138.0
2017,2,25,31,24,18,18,12,3,85,52,9,1014,1012,1010,6,4,3,6,0.0,184.0
2017,2,26,29,23,18,17,13,6,77,49,23,1012,1010,1008,4,4,3,8,0.0,239.0
2017,2,27,29,23,18,19,17,15,78,58,40,1015,1013,1011,4,4,3,8,0.0,244.0
2017,2,28,31,27,22,19,14,8,78,49,24,1014,1012,1010,4,4,3,6,0.0,194.0
2017,3,1,32,25,18,19,13,4,88,52,9,1014,1011,1009,4,3,1,8,0.0,228.0
2017,3,2,31,24,18,19,16,10,94,55,25,1014,1010,1008,4,3,2,5,0.0,266.0
2017,3,3,32,27,22,23,21,17,95,71,40,1011,1008,1006,3,3,2,6,0.0,201.0
2017,3,4,31,26,22,25,21,18,94,70,39,1011,1009,1007,4,4,2,5,0.0,65.0
2017,3,5,31,26,21,22,19,17,88,64,34,1011,1009,1006,5,5,3,10,0.0,153.0
2017,3,6,30,24,19,23,20,13,94,73,40,1011,1008,1006,5,4,2,13,0.0,85.0
2017,3,7,30,26,22,23,21,19,94,72,46,1011,1009,1007,5,4,3,5,0.0,31.0
2017,3,8,29,24,20,23,21,16,89,79,54,1011,1009,1007,4,4,3,3,0.76,29.0
2017,3,9,30,24,19,21,17,14,78,61,27,1010,1007,1006,5,4,3,11,0.76,18.0
2017,3,10,30,26,22,24,22,20,89,76,56,1010,1008,1006,5,4,3,13,3.05,68.0
2017,3,11,27,24,21,23,21,20,94,88,72,1011,1009,1007,4,4,3,11,7.11,50.0
2017,3,12,25,23,21,22,21,20,95,84,67,1011,1009,1007,4,3,3,6,0.0,129.0
2017,3,13,30,26,21,22,19,16,94,65,39,1014,1012,1010,5,4,2,11,0.0,144.0
2017,3,14,31,24,18,17,12,8,61,42,17,1015,1012,1010,6,5,3,16,0.0,150.0
2017,3,15,31,24,18,15,10,7,68,38,14,1014,1012,1010,6,5,3,18,0.0,155.0
2017,3,16,30,24,18,14,11,6,60,42,22,1012,1010,1008,6,5,3,18,0.0,191.0
2017,3,17,30,24,18,20,16,12,78,60,35,1011,1009,1007,4,4,3,3,0.0,282.0
2017,3,18,31,26,20,24,20,17,88,73,58,1013,1010,1009,4,4,3,5,0.0,186.0
2017,3,19,31,26,20,23,21,16,88,70,52,1014,1011,1010,4,4,3,8,0.0,179.0
2017,3,20,25,23,21,22,21,18,94,83,65,1013,1011,1009,4,3,1,6,0.0,166.0
2017,3,21,28,23,19,19,17,15,94,68,35,1014,1012,1011,5,4,2,11,0.0,140.0
2017,3,22,30,24,19,20,17,15,92,60,35,1014,1011,1009,4,4,3,6,0.0,189.0
2017,3,23,30,25,20,23,19,16,89,68,48,1012,1010,1008,5,4,2,6,0.0,183.0
2017,3,24,31,26,21,25,22,17,95,77,34,1012,1010,1008,5,3,1,5,0.0,254.0
2017,3,25,31,26,20,23,21,18,94,69,46,1013,1011,1009,5,4,2,6,0.0,136.0
2017,3,26,30,26,21,24,21,18,89,71,46,1013,1011,1009,5,5,3,6,0.0,159.0
2017,3,27,31,27,22,23,22,20,94,74,52,1013,1011,1010,4,4,3,10,0.0,173.0
2017,3,28,31,27,23,24,23,22,94,76,58,1013,1011,1009,5,4,3,13,0.0,113.0
2017,3,29,31,27,24,24,23,22,89,76,58,1012,1009,1007,5,4,3,21,0.0,81.0
2017,3,30,32,29,26,28,24,23,89,77,65,1012,1010,1008,6,5,3,27,0.0,65.0
2017,3,31,31,28,24,25,24,22,89,77,58,1013,1011,1009,6,6,5,19,0.0,68.0
2017,4,1,31,28,25,25,24,23,89,76,58,1011,1009,1007,6,5,3,18,0.0,312.0
2017,4,2,31,28,25,26,24,23,89,75,65,1010,1009,1007,6,6,5,23,0.0,302.0
2017,4,3,32,28,25,25,23,22,89,72,51,1012,1009,1007,5,5,3,23,0.25,175.0
2017,4,4,31,26,19,24,22,18,94,79,58,1013,1010,1008,6,4,2,19,30.99,65.0
2017,4,5,32,27,21,25,21,18,98,78,54,1012,1010,1007,5,4,3,14,8.89,156.0
2017,4,6,32,26,21,24,22,17,88,70,47,1011,1009,1007,6,5,3,3,0.0,61.0
2017,4,7,32,29,25,25,24,22,96,76,49,1011,1008,1006,6,5,3,5,0.0,12.0
2017,4,8,32,29,25,27,24,22,89,74,49,1011,1008,1006,5,4,3,3,0.0,24.0
2017,4,9,32,29,26,26,25,23,89,76,56,1011,1008,1006,6,5,3,6,0.0,18.0
2017,4,10,32,29,25,26,25,24,96,78,58,1010,1007,1005,6,5,3,11,0.0,51.0
2017,4,11,32,29,26,25,24,23,94,74,55,1009,1007,1004,6,5,3,10,0.0,91.0
2017,4,12,32,28,25,27,26,24,100,78,63,1010,1007,1004,5,4,0,10,0.0,121.0
2017,4,13,34,30,26,27,24,21,89,71,42,1010,1008,1006,4,4,1,10,0.0,181.0
2017,4,14,33,29,24,27,25,24,94,76,51,1011,1008,1005,5,3,0,5,0.0,188.0
2017,4,15,32,29,26,25,24,23,89,72,49,1009,1006,1004,4,4,3,8,0.0,134.0
2017,4,16,32,28,25,24,22,19,84,62,42,1008,1005,1002,5,4,3,8,0.0,114.0
2017,4,17,31,27,23,25,22,20,90,68,49,1008,1006,1004,5,5,3,11,0.0,122.0
2017,4,18,33,28,24,26,24,23,83,69,58,1010,1008,1003,5,5,3,16,0.0,105.0
2017,4,19,32,29,25,25,24,23,94,72,51,1010,1007,1005,5,5,4,18,0.0,77.0
2017,4,20,31,26,21,24,22,19,95,73,46,1010,1007,1006,5,5,3,16,1.02,63.0
2017,4,21,23,22,21,22,21,20,95,89,70,1011,1008,1004,5,3,1,14,17.02,78.0
2017,4,22,30,25,20,24,21,19,94,82,68,1010,1007,1004,5,4,3,13,37.08,79.0
2017,4,23,30,26,21,24,22,19,95,76,52,1009,1007,1004,5,5,3,14,4.06,75.0
2017,4,24,29,25,21,23,21,20,95,81,56,1010,1007,1006,5,5,3,13,2.03,66.0
2017,4,25,32,26,21,26,24,20,89,76,60,1008,1006,1005,5,5,3,21,0.0,85.0
2017,4,26,32,29,27,27,26,23,89,78,63,1009,1007,1005,6,4,3,19,0.0,92.0
2017,4,27,32,29,26,27,26,25,94,80,68,1011,1009,1007,5,4,3,16,0.0,112.0
2017,4,28,32,29,27,28,27,26,94,79,63,1011,1008,1005,5,4,3,11,0.0,108.0
2017,4,29,33,29,26,27,26,24,94,77,56,1011,1009,1006,5,5,3,11,0.0,121.0
2017,4,30,33,30,27,27,26,16,95,77,40,1011,1009,1007,6,5,3,11,0.0,107.0
2017,5,1,33,28,23,27,25,23,94,77,58,1011,1009,1008,6,5,3,14,12.95,286.0
2017,5,2,33,28,22,27,22,19,84,62,42,1012,1010,1008,6,6,3,16,0.0,274.0
2017,5,3,33,29,26,26,25,23,95,71,56,1012,1010,1007,5,4,0,8,0.0,159.0
2017,5,4,34,30,26,27,26,25,89,74,51,1011,1009,1007,5,5,3,5,0.0,89.0
2017,5,5,33,29,26,26,25,24,94,75,53,1010,1008,1006,6,5,1,11,0.0,161.0
2017,5,6,33,29,26,26,25,24,89,73,58,1013,1010,1008,6,5,3,19,0.0,107.0
2017,5,7,33,29,26,27,26,25,88,73,56,1011,1010,1008,6,5,5,16,0.0,12.0
2017,5,8,33,30,27,27,25,24,89,73,53,1012,1009,1005,5,5,3,6,0.0,29.0
2017,5,9,33,30,27,27,26,24,89,72,49,1010,1008,1006,6,5,4,13,0.0,26.0
2017,5,10,34,29,25,25,23,22,89,67,44,1010,1008,1006,6,5,3,5,0.0,28.0
2017,5,11,33,30,26,26,25,24,94,72,53,1011,1008,1006,6,5,3,5,0.0,129.0
2017,5,12,34,31,27,27,26,24,89,71,47,1010,1007,1004,6,5,3,10,0.0,160.0
2017,5,28,36,31,26,32,26,23,89,73,46,1005,1001,998,6,6,5,13,0.0,60.0
2017,5,29,31,28,25,26,26,24,94,80,63,1002,998,996,6,5,3,10,1.02,65.0
2017,6,1,32,29,25,28,27,24,94,84,68,1006,1004,1002,5,5,3,19,0.0,146.0
2017,6,2,31,26,23,27,24,23,94,89,80,1007,1006,1004,5,4,3,5,2.03,198.0
2017,6,3,31,28,26,29,27,26,94,90,83,1006,1004,1001,5,4,3,18,4.06,128.0
2017,6,4,28,26,23,27,24,22,96,90,79,1005,1003,1001,6,4,2,14,39.12,88.0
2017,6,5,34,28,21,29,26,21,89,79,65,1005,1003,1000,6,5,3,8,0.0,104.0
2017,6,6,34,31,28,29,27,26,94,80,67,1010,1003,1001,6,5,5,5,0.0,92.0
2017,6,7,34,30,26,27,26,25,89,74,60,1005,1003,1000,6,5,3,8,0.0,16.0
2017,6,8,34,30,27,31,27,25,97,81,58,1004,1002,999,6,5,5,13,0.25,44.0
2017,6,9,34,30,27,29,27,25,95,80,51,1003,1001,998,6,5,5,8,1.02,25.0
2017,6,10,35,31,27,29,26,24,95,83,63,1009,1000,998,6,5,1,8,1.02,50.0
2017,6,11,31,29,27,27,25,24,94,83,68,1000,998,995,5,5,3,18,3.05,80.0
2017,6,12,28,27,26,26,26,25,94,91,84,1000,995,991,5,2,1,34,53.09,186.0
2017,6,14,31,28,26,26,25,23,94,82,70,1006,1004,1003,6,5,4,14,0.0,21.0
2017,6,15,30,28,26,26,26,24,94,87,74,1004,1003,1002,5,4,4,13,0.0,37.0
2017,6,16,28,27,26,26,25,25,94,92,84,1004,1003,1002,5,4,2,18,0.0,41.0
2017,6,17,33,30,27,29,27,26,94,82,75,1004,1003,1001,5,5,4,16,0.0,50.0
2017,6,18,30,28,26,28,27,25,100,91,84,1007,1002,1000,5,4,3,10,0.0,70.0
2017,6,19,31,28,25,27,25,23,94,84,65,1003,1001,1000,5,4,3,13,19.05,57.0
2017,6,20,32,27,23,26,25,24,96,80,60,1003,1001,999,6,5,3,13,5.08,74.0
2017,6,21,31,28,25,27,26,24,95,89,68,1003,1001,1000,5,5,3,10,10.92,56.0
2017,6,22,33,29,26,26,26,24,96,78,58,1003,1001,999,6,5,4,16,13.97,57.0
2017,6,24,33,30,26,26,26,25,89,77,56,1001,999,997,6,5,5,11,5.08,38.0
2017,6,25,34,30,26,26,25,20,94,73,51,1001,1000,998,6,5,5,19,0.0,34.0
2017,6,26,34,30,26,26,26,24,95,73,55,1004,1002,1001,6,5,5,16,0.51,30.0
2017,6,27,34,30,27,26,26,25,89,72,58,1004,1002,1000,6,6,4,13,0.51,29.0
2017,6,28,34,30,26,27,26,24,84,73,55,1004,1002,1000,6,5,5,14,0.0,42.0
2017,6,29,34,30,26,27,26,25,89,76,53,1003,1002,999,6,5,5,13,0.76,40.0
2017,6,30,32,29,27,28,26,25,95,86,70,1002,1000,998,6,5,3,13,17.02,34.0
2017,7,1,30,28,26,27,26,25,95,88,81,1001,999,998,5,5,4,18,0.25,256.0
2017,7,2,32,29,26,28,26,24,100,89,70,1001,1000,998,5,4,1,19,12.95,142.0
2017,7,3,29,27,25,27,26,24,96,92,81,1002,1001,999,5,3,1,18,87.88,156.0
2017,7,4,29,27,25,27,26,24,95,93,84,1001,1000,998,4,3,2,24,0.0,106.0
2017,7,6,30,28,25,27,26,24,94,90,79,1002,1001,999,5,4,4,8,0.0,125.0
2017,7,7,32,29,26,27,26,25,94,78,70,1007,1002,1000,6,5,4,14,0.0,23.0
2017,7,8,31,29,27,27,26,25,94,82,74,1004,1002,1001,6,5,4,18,0.0,34.0
2017,7,9,32,29,27,26,26,24,89,78,70,1006,1004,1003,5,5,5,19,0.0,31.0
2017,7,10,32,29,27,27,26,24,94,87,70,1006,1005,1003,6,4,2,16,0.0,13.0
2017,7,11,29,27,25,26,26,24,96,89,79,1005,1003,1001,5,4,3,13,0.0,107.0
2017,7,12,33,29,26,27,26,24,95,81,65,1004,1003,1001,6,5,3,10,5.08,97.0
2017,7,13,32,29,26,27,26,24,92,80,65,1005,1002,1000,6,5,3,13,2.03,30.0
2017,7,14,33,29,26,26,26,24,92,80,63,1004,1002,1000,6,5,5,8,12.95,23.0
2017,7,15,33,29,26,27,26,25,94,77,60,1003,1001,998,6,5,5,8,0.0,22.0
2017,7,16,34,30,27,28,26,25,94,74,51,1001,998,990,6,6,5,8,0.76,28.0
2017,7,17,34,31,27,28,27,26,94,77,58,1001,998,996,6,5,4,8,1.02,40.0
2017,7,18,33,30,27,27,26,25,89,79,63,1001,1000,998,5,5,3,6,1.02,27.0
2017,7,19,27,27,26,26,25,25,100,94,81,1003,1001,1000,5,3,2,16,21.08,12.0
2017,7,20,29,27,25,27,26,25,96,94,89,1003,1001,1000,4,4,3,16,26.92,17.0
2017,7,21,29,27,24,27,26,24,96,91,84,1004,1002,999,5,5,3,11,0.0,13.0
2017,7,22,32,29,26,28,26,25,94,84,68,1012,1002,999,6,5,4,10,1.02,22.0
2017,7,23,27,26,25,26,26,24,100,96,84,1003,1001,1000,5,2,1,16,0.0,14.0
2017,7,24,26,24,23,25,24,23,100,98,89,1003,1002,1000,5,2,1,8,61.98,10.0
2017,7,25,27,26,24,25,24,24,100,93,88,1003,1002,1000,5,4,3,3,0.51,11.0
2017,7,26,33,28,23,27,26,24,94,82,65,1004,1003,1001,6,5,5,6,0.51,23.0
2017,7,27,32,29,26,27,27,25,94,81,68,1005,1003,1002,6,5,3,10,0.0,36.0
2017,7,28,33,29,26,27,27,26,89,78,65,1006,1004,1002,6,5,5,6,0.0,39.0
2017,7,29,31,29,28,28,27,27,94,87,76,1007,1004,1002,5,5,3,3,0.0,36.0
2017,7,30,33,30,27,28,27,25,94,82,70,1005,1003,1001,6,6,5,10,0.0,41.0
2017,7,31,33,29,26,27,26,20,95,76,39,1005,1003,1000,6,5,5,11,0.0,33.0
2017,8,1,33,30,27,28,27,25,95,80,68,1004,1003,1001,6,5,3,11,0.0,279.5
2017,8,2,33,30,27,29,27,23,89,79,68,1003,1002,999,6,5,3,13,0.0,178.0
2017,8,3,33,30,27,28,27,26,94,81,65,1002,999,996,10,6,5,13,0.0,165.0
2017,8,4,34,30,27,27,26,25,89,77,62,1000,998,995,6,6,5,13,0.0,108.0
2017,8,6,32,29,27,28,26,25,94,86,68,1003,1002,1001,5,5,3,11,2.03,76.0
2017,8,7,32,28,24,27,26,24,94,84,68,1007,1004,1002,6,5,3,13,7.87,23.0
2017,8,8,32,29,27,27,26,25,94,81,68,1006,1005,1003,6,5,5,16,0.0,28.0
2017,8,9,33,29,26,27,26,25,94,83,71,1007,1005,1003,6,5,4,16,2.03,18.0
2017,8,10,31,28,26,27,26,25,94,89,76,1006,1004,1002,6,5,5,16,4.06,16.0
2017,8,11,30,28,26,28,26,24,94,90,79,1005,1003,1001,5,4,2,19,20.07,256.0
2017,8,12,27,26,25,27,26,24,100,94,87,1006,1004,1003,4,3,1,8,116.08,68.0
2017,8,13,31,28,25,26,25,24,94,89,74,1007,1005,1003,5,4,1,8,25.91,10.0
2017,8,14,31,28,26,27,26,24,94,87,74,1008,1006,1004,6,5,3,10,0.51,13.0
2017,8,15,32,29,26,27,26,24,95,85,68,1006,1004,1002,5,4,3,11,1.02,20.0
2017,8,16,32,29,26,27,26,24,100,87,70,1004,1002,999,5,4,2,10,0.0,64.0
2017,8,17,32,28,25,27,26,24,100,81,68,1002,1000,998,6,5,3,10,0.0,20.0
2017,8,18,33,29,26,27,26,25,94,78,56,1005,1002,1000,6,6,3,13,0.0,24.0
2017,8,19,33,29,26,29,27,25,89,84,65,1007,1005,1003,5,5,5,10,0.0,14.0
2017,8,20,33,29,26,27,26,24,95,77,53,1006,1004,1002,6,6,5,8,20.07,15.0
2017,8,21,33,29,25,26,26,24,96,76,56,1005,1002,999,5,5,3,10,2.03,13.0
2017,8,22,32,29,26,27,26,25,94,84,68,1004,1002,1000,5,5,3,8,0.0,17.0
2017,8,23,33,29,26,27,26,25,95,78,63,1006,1003,1001,6,5,3,8,0.0,22.0
2017,8,24,32,29,26,28,26,24,94,83,66,1005,1003,1000,6,5,3,11,7.87,17.0
2017,8,25,33,29,25,27,26,26,95,80,60,1004,1001,999,5,5,3,6,0.0,18.0
2017,8,26,30,28,27,26,26,25,94,85,74,1002,1000,999,5,5,3,11,0.0,16.0
2017,8,27,34,30,26,27,26,24,92,73,55,1003,1001,998,6,5,3,14,0.0,21.0
2017,8,28,34,30,26,27,26,24,89,72,55,1005,1003,1001,6,6,5,18,0.0,31.0
2017,8,29,33,30,27,27,26,24,89,75,56,1007,1005,1003,6,5,5,16,0.0,31.0
2017,8,30,32,29,27,27,26,25,95,84,63,1007,1005,1003,5,5,3,8,0.51,25.0
2017,8,31,32,29,27,27,26,25,94,85,70,1008,1005,1003,5,4,3,10,1.02,33.0
2017,9,1,29,27,25,26,26,25,96,91,84,1007,1005,1003,5,4,3,11,8.89,175.0
2017,9,2,29,28,26,27,26,25,96,90,77,1006,1004,1002,5,4,2,10,8.89,170.0
2017,9,3,28,27,26,27,26,25,100,95,84,1006,1005,1003,4,3,1,8,1.02,102.0
2017,9,4,33,29,26,27,26,25,94,79,60,1007,1005,1003,5,5,3,5,1.02,95.0
2017,9,6,32,29,26,27,27,25,94,80,65,1008,1006,1004,5,5,3,6,0.0,45.0
2017,9,7,33,30,27,27,26,25,94,79,66,1008,1006,1004,5,5,5,10,0.0,27.0
2017,9,8,31,28,25,27,26,25,100,88,77,1010,1007,1005,5,4,2,8,46.99,31.0
2017,9,9,31,28,26,27,26,25,95,86,68,1009,1007,1004,5,5,3,10,0.0,15.0
2017,9,10,30,28,26,27,25,23,95,85,66,1010,1008,1006,5,5,3,11,39.12,33.0
2017,9,11,32,29,25,26,25,24,100,86,63,1009,1008,1006,6,5,3,11,18.03,258.0
2017,9,12,32,29,26,27,25,24,96,82,68,1010,1008,1006,5,5,3,10,0.0,24.0
2017,9,13,32,29,26,27,26,24,89,81,65,1010,1008,1005,5,5,3,10,0.0,16.0
2017,9,14,32,29,26,27,26,25,95,81,65,1009,1006,1004,5,4,3,8,0.0,18.0
2017,9,15,34,30,26,27,27,25,95,78,60,1007,1004,1001,6,5,3,5,2.03,25.0
2017,9,16,34,31,28,29,27,26,94,76,63,1005,1002,999,6,5,3,11,0.0,69.0
2017,9,17,28,27,25,27,25,24,94,89,76,1005,1003,1001,5,4,3,13,0.0,16.0
2017,9,18,34,29,25,27,25,24,94,83,51,1005,1003,1000,5,4,2,5,12.95,18.0
2017,9,19,31,28,26,26,25,23,94,83,65,1005,1003,1001,5,4,3,13,3.05,12.0
2017,9,20,29,27,26,26,25,24,94,88,80,1007,1006,1003,5,4,3,11,6.1,27.0
2017,9,21,33,29,26,28,26,24,89,80,63,1008,1006,1004,6,5,5,6,0.0,29.0
2017,9,22,33,29,26,27,26,25,95,77,58,1008,1006,1004,6,5,5,5,0.0,37.0
2017,9,23,33,30,27,28,26,24,89,74,58,1009,1007,1004,5,5,4,11,0.0,44.0
2017,9,24,33,29,26,27,26,25,94,79,68,1008,1005,1002,5,5,5,10,5.08,38.0
2017,9,25,34,29,25,28,26,23,94,82,63,1008,1004,1001,6,6,3,10,8.89,29.0
2017,9,26,33,28,24,28,26,24,94,80,60,1008,1005,1002,6,5,2,6,46.99,48.0
2017,9,27,33,29,26,28,26,25,94,82,63,1008,1006,1004,5,4,3,6,2.03,39.0
2017,9,28,33,29,26,27,26,24,94,81,60,1007,1005,1002,5,5,3,8,0.0,49.0
2017,9,29,31,28,25,27,25,23,96,86,65,1009,1006,1004,4,4,3,14,55.12,22.0
2017,9,30,33,29,26,27,26,24,95,78,58,1010,1009,1006,6,6,3,11,1.02,21.0
2017,10,1,33,29,26,27,26,24,94,78,58,1010,1008,1005,6,5,5,8,1.02,171.0
2017,10,2,33,30,27,27,26,24,89,74,60,1009,1006,1004,6,5,5,5,0.0,296.0
2017,10,3,32,29,26,27,26,24,89,73,58,1009,1006,1004,5,5,5,6,0.0,105.0
2017,10,4,34,30,27,28,26,25,89,77,62,1009,1006,1004,5,5,5,6,0.25,102.0
2017,10,6,33,30,27,26,25,24,94,79,58,1009,1007,1005,6,5,3,6,0.0,41.0
2017,10,7,32,29,26,26,24,23,96,79,56,1009,1007,1006,5,5,5,8,0.0,24.0
2017,10,8,30,28,25,25,24,23,89,79,68,1009,1007,1005,6,5,5,11,0.0,28.0
2017,10,9,32,28,24,26,24,23,91,79,53,1008,1006,1005,5,5,4,8,7.87,16.0
2017,10,10,34,29,25,26,25,24,96,73,53,1008,1006,1004,6,6,5,2,0.0,40.0
2017,10,11,33,30,27,27,26,23,94,76,49,1007,1005,1002,6,5,5,6,0.0,165.0
2017,10,12,32,29,26,26,26,25,95,82,63,1008,1005,1003,5,5,3,5,0.0,34.0
2017,10,13,33,30,27,26,26,24,89,75,58,1007,1005,1003,6,5,5,2,0.0,39.0
2017,10,14,33,29,26,26,25,24,94,73,53,1007,1005,1002,6,6,5,3,0.0,54.0
2017,10,15,32,29,27,27,26,24,94,76,62,1007,1005,1003,6,6,5,3,0.0,131.0
2017,10,16,34,30,26,26,26,25,94,76,63,1007,1004,1001,5,5,5,3,0.0,52.0
2017,10,17,34,30,26,27,26,24,89,75,63,1006,1004,1002,6,5,5,6,0.0,45.0
2017,10,18,33,29,26,26,26,25,94,81,56,1008,1006,1004,5,5,5,2,1.02,24.0
2017,10,19,33,29,26,26,25,23,96,79,53,1009,1007,1005,5,5,5,5,7.11,21.0
2017,10,20,27,26,24,25,24,23,94,87,72,1011,1008,1006,5,4,3,13,7.87,18.0
2017,10,21,27,26,25,25,24,23,94,88,75,1010,1004,1001,5,3,1,29,39.88,19.0
2017,10,22,29,27,25,26,22,21,88,75,59,1008,1006,1004,6,5,3,16,0.0,11.0
2017,10,23,31,27,23,24,23,22,89,77,61,1011,1008,1007,5,5,3,2,0.0,39.0
2017,10,24,31,27,24,25,24,23,100,79,62,1013,1011,1010,5,4,0,2,0.0,112.0
2017,10,25,31,27,24,25,23,23,94,74,62,1015,1013,1011,5,4,1,2,0.0,76.0
2017,10,26,32,28,25,26,23,20,94,71,55,1015,1012,1010,5,5,2,2,0.0,75.0
2017,10,27,32,27,23,22,19,14,94,62,33,1013,1011,1009,6,5,4,3,0.0,125.0
2017,10,28,31,26,21,24,20,12,88,67,21,1014,1012,1010,4,4,3,0,0.0,118.0
2017,10,29,26,22,19,23,21,19,94,82,64,1015,1014,1012,5,4,3,5,5.08,82.0
2017,10,30,25,23,21,21,19,18,91,79,67,1016,1014,1011,5,4,3,14,4.06,23.0
2017,10,31,28,24,21,22,21,18,89,76,54,1013,1012,1010,6,5,3,6,0.0,43.0
2017,11,1,29,26,23,23,22,21,94,83,66,1015,1013,1010,6,5,3,2,0.25,179.0
2017,11,2,31,27,23,24,23,21,94,79,56,1013,1011,1008,5,4,0,2,0.0,293.0
2017,11,3,32,28,23,24,23,22,97,76,58,1012,1010,1008,5,4,0,3,0.0,74.0
2017,11,4,33,28,23,25,23,19,94,70,37,1013,1011,1009,6,5,2,0,0.0,126.0
2017,11,6,32,27,22,24,22,19,89,70,39,1013,1010,1008,5,5,3,5,0.0,34.0
2017,11,7,32,29,25,24,22,21,89,68,44,1012,1010,1009,5,5,5,5,0.0,22.0
2017,11,8,32,27,22,23,22,20,94,75,47,1013,1011,1009,5,4,3,5,0.0,25.0
2017,11,9,31,27,22,24,21,18,97,73,42,1012,1010,1008,5,4,0,3,0.0,18.0
2017,11,10,31,26,21,23,21,19,95,72,39,1013,1010,1008,6,5,0,2,0.0,32.0
2017,11,11,32,27,21,22,19,17,89,63,35,1013,1010,1008,6,5,3,5,0.0,148.0
2017,11,12,32,27,22,26,22,20,94,71,56,1010,1009,1007,5,5,3,5,0.0,31.0
2017,11,13,32,27,23,26,21,11,90,68,21,1011,1008,1007,5,4,3,8,0.0,87.0
2017,11,14,34,29,23,24,22,18,94,65,32,1011,1009,1006,5,5,2,6,0.0,99.0
2017,11,15,30,27,24,26,24,22,92,82,68,1012,1010,1008,4,4,3,5,14.99,107.0
2017,11,16,28,26,23,25,24,21,94,83,71,1011,1010,1009,5,4,3,11,14.99,48.0
2017,11,17,28,26,24,25,24,23,92,82,72,1012,1010,1009,4,4,3,2,0.25,44.0
2017,11,18,32,27,23,26,24,21,100,75,46,1012,1010,1008,5,4,0,6,0.0,68.0
2017,11,19,32,28,24,24,23,22,89,71,56,1012,1010,1008,4,4,3,8,0.0,46.0
2017,11,20,31,27,23,24,20,18,89,62,44,1013,1010,1008,5,4,3,10,0.0,46.0
2017,11,21,31,27,22,22,19,15,86,61,32,1013,1010,1008,4,4,3,18,0.0,140.0
2017,11,22,29,26,22,20,19,16,78,63,48,1011,1009,1006,4,3,3,14,0.0,186.0
2017,11,23,29,24,19,20,17,15,73,57,37,1011,1009,1007,4,3,2,11,0.0,165.0
2017,11,24,30,26,21,21,17,14,83,61,30,1013,1010,1008,4,4,3,11,0.0,169.0
2017,11,25,30,24,19,19,17,12,94,64,37,1014,1012,1010,5,5,3,6,0.0,174.0
2017,11,26,30,24,19,18,16,14,88,64,40,1015,1013,1011,5,4,3,8,0.0,200.0
2017,11,27,29,23,18,19,17,14,97,68,32,1014,1012,1009,4,3,1,3,0.0,183.0
2017,11,28,29,23,18,19,17,16,94,66,38,1014,1012,1010,4,4,3,2,0.0,190.0
2017,11,29,29,23,17,19,17,15,94,70,40,1016,1013,1011,4,4,2,6,0.0,199.0
2017,11,30,28,23,19,19,18,15,94,67,37,1014,1012,1009,5,5,3,11,0.0,150.0
2017,12,1,28,22,17,20,17,15,94,70,38,1014,1012,1009,5,4,3,5,0.0,195.0
2017,12,2,29,23,18,18,17,15,94,69,34,1015,1014,1012,5,3,2,3,0.0,208.0
2017,12,3,28,23,18,19,17,13,94,67,37,1013,1012,1010,5,4,3,6,0.0,122.0
2017,12,4,28,22,16,18,17,16,100,71,44,1014,1012,1009,6,4,2,6,0.0,168.0
2017,12,6,27,21,15,25,17,13,94,72,42,1013,1010,1009,4,3,0,3,0.0,14.0
2017,12,7,29,22,16,22,17,13,89,70,32,1012,1010,1000,5,4,3,10,0.0,23.0
2017,12,8,26,22,19,24,19,17,96,82,67,1013,1011,1010,5,4,3,8,1.02,13.0
2017,12,9,26,22,19,24,23,20,97,91,83,1013,1011,1009,5,4,3,3,1.02,13.0
2017,12,10,29,27,23,24,23,22,94,80,61,1013,1011,1009,5,5,3,8,0.51,26.0
2017,12,11,25,24,23,24,23,21,97,91,83,1013,1012,1010,5,4,3,11,0.0,138.0
2017,12,12,28,24,21,22,21,17,94,79,59,1015,1013,1011,4,3,1,6,0.0,88.0
2017,12,13,29,24,19,22,19,17,94,71,37,1016,1013,1011,4,3,0,6,0.0,133.0
2017,12,14,29,24,19,21,18,15,94,65,34,1016,1014,1012,4,3,1,6,0.0,178.0
2017,12,15,27,22,17,19,14,10,94,56,23,1016,1014,1012,5,4,2,8,0.0,165.0
2017,12,16,26,21,16,17,16,15,94,70,42,1017,1015,1013,4,3,2,10,0.0,188.0
2017,12,17,27,22,16,18,16,15,88,67,37,1018,1016,1013,5,4,3,6,0.0,141.0
2017,12,18,27,22,18,22,19,16,94,79,54,1017,1016,1014,4,3,1,3,0.0,143.0
2017,12,19,26,21,17,21,18,16,94,80,52,1018,1016,1014,4,2,0,3,0.0,155.0
2017,12,20,25,21,17,21,19,18,97,84,67,1020,1017,1015,3,2,0,3,0.0,167.0
2017,12,21,27,22,17,21,18,17,93,75,46,1019,1016,1015,4,4,3,8,0.0,167.0
2017,12,22,27,22,17,19,18,16,94,76,52,1018,1015,1010,4,3,1,2,0.0,170.0
2017,12,23,26,22,17,19,18,17,94,73,48,1014,1012,1010,4,3,0,3,0.0,103.0
2017,12,24,27,22,17,18,17,16,88,69,54,1014,1012,1010,4,3,1,6,0.0,127.0
2017,12,25,26,21,16,19,17,16,94,73,44,1014,1012,1010,4,3,0,6,0.0,131.0
2017,12,26,27,22,18,19,16,13,94,67,37,1014,1012,1010,4,3,1,8,0.0,108.0
2017,12,27,28,23,18,19,17,17,88,71,48,1015,1013,1011,4,4,1,8,0.0,124.0
2017,12,28,28,22,17,18,16,14,94,68,34,1014,1013,1012,5,4,3,2,0.0,186.0
2017,12,29,29,23,17,17,16,14,94,66,30,1016,1014,1012,4,4,2,5,0.0,171.0
2017,12,30,30,23,17,20,17,15,94,62,30,1019,1013,1011,5,4,2,5,0.0,140.0
2017,12,31,29,24,19,20,18,16,93,68,37,1014,1012,1009,4,4,3,2,0.0,122.0
